passengerId,maxTrip
2068,32
4827,27
3173,26
2857,25
288,25
1240,24
5668,24
613,23
9441,23
3093,23
2717,23
3405,23
1673,23
1598,23
1337,23
5332,23
350,22
1769,22
3180,22
2437,22
4034,22
5423,22
391,22
8353,22
1343,22
798,22
4611,22
3078,22
435,21
1651,21
6060,21
4399,21
1464,21
398,21
4552,21
437,21
1581,21
5416,21
6777,21
7810,20
4774,20
4200,20
603,20
139,20
2867,20
1818,20
3309,20
7832,20
3937,20
2734,20
2251,20
2378,20
662,20
859,20
5012,20
888,20
3924,20
3883,20
4335,20
1246,20
2511,20
1143,19
2776,19
4092,19
1276,19
6030,19
2684,19
7877,19
4451,19
1822,19
1074,19
5096,19
92,19
4483,19
1739,19
3332,19
64,19
1321,19
4816,19
366,19
993,19
1158,19
2702,19
1272,19
6591,19
1315,19
6857,19
10795,19
3608,19
4329,19
5922,19
6001,19
4395,19
4473,19
3278,19
3153,19
3802,19
4316,19
1482,19
975,19
6805,19
905,19
2325,19
5198,19
2969,19
392,18
950,18
3436,18
860,18
5787,18
8007,18
274,18
8121,18
4016,18
2681,18
1250,18
1521,18
2910,18
1800,18
5043,18
5760,18
3875,18
813,18
7209,18
624,18
7508,18
6548,18
5711,18
459,18
3343,18
2482,18
5769,18
9620,18
4404,18
4379,18
9410,18
4082,18
611,18
2518,18
525,18
638,18
4056,18
3665,18
5491,18
8045,18
135,18
5977,18
4903,18
311,18
8167,18
3837,18
5380,18
4178,18
393,18
1413,18
833,17
1342,17
1265,17
2488,17
7661,17
5867,17
375,17
11450,17
4917,17
7118,17
210,17
4700,17
6100,17
2789,17
3071,17
1288,17
5959,17
363,17
3453,17
2685,17
1242,17
2537,17
1444,17
6050,17
2560,17
920,17
6027,17
1050,17
4441,17
1263,17
1828,17
61,17
6059,17
2861,17
3615,17
8552,17
7379,17
1451,17
6089,17
4020,17
3292,17
4080,17
1849,17
3356,17
8821,17
3117,17
5278,17
4632,17
1020,17
2143,17
9101,17
6064,17
264,17
2728,17
7837,17
4969,17
1333,17
1715,17
4496,17
364,17
3297,17
5101,17
763,17
1484,17
8704,17
2408,17
968,17
2544,17
3303,17
6987,17
8988,17
4675,17
2747,17
8684,17
3735,17
9683,17
10478,17
3409,17
8017,17
1678,17
199,17
2065,17
5081,17
2124,17
4854,17
3483,17
4955,17
2869,17
5073,17
4744,17
4430,17
5544,17
7770,17
407,17
1352,16
2231,16
3913,16
3631,16
4097,16
3149,16
7726,16
368,16
2212,16
8036,16
4876,16
3123,16
1955,16
4209,16
8290,16
3279,16
8260,16
1046,16
3171,16
2975,16
4070,16
7551,16
6067,16
4641,16
660,16
674,16
631,16
10461,16
972,16
1218,16
6900,16
1538,16
5467,16
2485,16
1029,16
3702,16
2458,16
4543,16
10767,16
5015,16
3930,16
10083,16
1733,16
8679,16
6084,16
2545,16
262,16
1966,16
3410,16
3773,16
5997,16
6882,16
2759,16
4983,16
7433,16
721,16
3468,16
1386,16
6874,16
456,16
6003,16
3889,16
2030,16
1254,16
8998,16
5596,16
446,16
10446,16
3169,16
664,16
4010,16
6052,16
2262,16
9252,16
3317,16
9997,16
356,16
11198,16
1078,16
1454,16
2529,16
6823,16
4069,16
226,16
4502,16
4972,16
3307,16
4170,16
5116,16
5438,16
8609,16
2550,16
4990,16
1544,16
7801,16
2773,16
1992,16
5944,16
690,16
5414,16
7243,16
276,16
5734,16
4580,16
5009,16
1762,16
7747,16
4607,16
7505,16
187,16
1591,15
4190,15
451,15
2656,15
4294,15
4307,15
5740,15
3657,15
2479,15
1468,15
5771,15
3152,15
5447,15
5592,15
8132,15
2758,15
9700,15
2610,15
8411,15
2939,15
1208,15
3519,15
8355,15
3963,15
9522,15
4336,15
360,15
1505,15
6339,15
1613,15
3919,15
7560,15
1311,15
3029,15
6382,15
10046,15
8158,15
6365,15
8562,15
760,15
2911,15
2196,15
3645,15
6878,15
5325,15
11011,15
479,15
4012,15
2653,15
5246,15
4852,15
7581,15
1917,15
2412,15
5716,15
6043,15
7868,15
6584,15
4247,15
3573,15
6166,15
269,15
8024,15
6471,15
5411,15
6523,15
4542,15
9098,15
1248,15
1108,15
3420,15
8117,15
4593,15
11296,15
5741,15
2720,15
8529,15
3065,15
3545,15
1539,15
290,15
441,15
1643,15
1677,15
5481,15
649,15
4009,15
6093,15
7799,15
7526,15
928,15
4497,15
3361,15
5798,15
5136,15
3101,15
10440,15
4814,15
8180,15
5356,15
889,15
3492,15
2596,15
3851,15
4554,15
6858,15
6380,15
3106,15
5978,15
1423,15
1740,15
7318,15
4945,15
7716,15
9063,15
2201,15
335,15
752,15
10329,15
3077,15
75,15
4339,15
2432,15
5464,15
953,15
4551,15
11834,15
4283,15
2693,15
3472,15
6733,15
4004,15
369,15
1472,15
3442,15
6475,15
2411,15
248,15
119,15
3286,15
6575,15
2162,15
9665,15
6208,15
5643,15
4671,15
5459,15
942,15
8981,15
1202,15
3491,15
2586,15
4904,15
10085,15
8048,15
2500,15
7679,15
4398,15
8289,15
2501,15
1424,15
4373,15
7565,15
9376,14
1025,14
2563,14
5984,14
6622,14
3220,14
4364,14
7120,14
2802,14
6864,14
1888,14
362,14
8350,14
683,14
1378,14
2683,14
1030,14
1034,14
1772,14
9366,14
7321,14
332,14
2754,14
1927,14
7192,14
4538,14
5764,14
253,14
3587,14
9601,14
223,14
926,14
4397,14
3905,14
4090,14
4177,14
1886,14
11483,14
3670,14
11513,14
5755,14
1055,14
1300,14
5361,14
618,14
694,14
7898,14
1247,14
4656,14
2941,14
8025,14
1008,14
3622,14
5819,14
9752,14
2575,14
5612,14
9991,14
6827,14
4202,14
867,14
1646,14
2292,14
7680,14
5120,14
2026,14
10569,14
1335,14
3120,14
3709,14
12323,14
3012,14
1499,14
8702,14
2197,14
3677,14
4927,14
10394,14
7682,14
9369,14
4237,14
2153,14
9659,14
117,14
11073,14
7319,14
1452,14
455,14
3112,14
5330,14
6289,14
2565,14
3527,14
4037,14
7727,14
8590,14
4353,14
8510,14
2336,14
2468,14
486,14
1696,14
8556,14
202,14
2279,14
2926,14
9069,14
4285,14
3779,14
1403,14
5800,14
11767,14
1057,14
1865,14
381,14
10212,14
8579,14
3681,14
3934,14
7039,14
9466,14
960,14
5503,14
7685,14
173,14
687,14
3157,14
3465,14
5418,14
2665,14
7713,14
637,14
2935,14
130,14
627,14
5799,14
443,14
1229,14
794,14
6080,14
8398,14
9057,14
1230,14
2790,14
9828,14
524,14
2851,14
5260,14
6809,14
5522,14
7540,14
779,14
7656,14
7721,14
9127,14
9699,14
3600,14
9540,14
10067,14
1325,14
3414,14
289,14
3551,14
4193,14
10454,14
2033,14
3461,14
5850,14
3801,14
1083,14
5479,14
477,14
528,14
6725,14
1587,14
3716,14
352,14
5390,14
1308,14
5007,14
4791,14
1637,14
1782,14
1562,14
3979,14
4072,14
382,14
7851,14
782,14
5175,14
7864,14
712,14
1532,14
272,14
1511,14
2503,14
5910,14
2604,14
574,14
4802,14
170,14
1196,14
4449,14
11896,14
4407,14
6743,14
3367,14
4213,14
3178,14
6580,14
8956,14
147,14
6036,14
10196,14
11957,14
4089,14
1693,14
2303,14
4165,14
4468,14
5377,14
337,14
1437,14
79,14
3880,14
5873,14
3174,14
7636,14
2243,14
5533,14
1371,14
2446,14
8320,14
2465,14
802,14
1376,14
5707,14
628,14
2423,14
4677,14
1338,14
4019,14
8358,14
11166,14
670,14
7507,14
8871,14
18,14
947,14
2626,14
755,14
1097,14
2982,14
5435,14
7811,14
9532,14
701,14
1138,14
2457,14
2965,14
3794,13
1303,13
1975,13
3490,13
4042,13
4957,13
5513,13
255,13
2156,13
6010,13
8664,13
10435,13
1417,13
4182,13
211,13
126,13
756,13
772,13
874,13
4896,13
5055,13
1201,13
10015,13
300,13
1163,13
1826,13
5095,13
271,13
606,13
2323,13
4025,13
7711,13
8326,13
6810,13
2090,13
3679,13
3859,13
1775,13
3912,13
578,13
4363,13
8270,13
4823,13
601,13
5905,13
1332,13
9077,13
4280,13
9769,13
3920,13
8399,13
4384,13
416,13
827,13
2306,13
132,13
8015,13
3940,13
7902,13
1774,13
5450,13
5303,13
8165,13
3970,13
10613,13
2780,13
2786,13
3059,13
2138,13
2600,13
4614,13
5204,13
1434,13
1616,13
1770,13
1155,13
4420,13
4220,13
5777,13
998,13
4013,13
1783,13
4993,13
2185,13
5564,13
3690,13
8030,13
6088,13
9505,13
2666,13
4166,13
6032,13
6086,13
6978,13
10458,13
1191,13
3759,13
4125,13
7532,13
8363,13
620,13
732,13
1930,13
3364,13
5010,13
6541,13
7191,13
3249,13
258,13
5546,13
9202,13
419,13
7859,13
9822,13
415,13
1475,13
9351,13
1314,13
1569,13
3119,13
6141,13
1225,13
7068,13
8288,13
4393,13
5789,13
10484,13
2346,13
1904,13
1946,13
10398,13
5744,13
2106,13
5876,13
165,13
10799,13
3907,13
9066,13
1950,13
5982,13
9951,13
383,13
2556,13
9355,13
3471,13
4717,13
10758,13
3839,13
8297,13
891,13
4059,13
6006,13
3298,13
7774,13
7515,13
7451,13
8904,13
1211,13
6707,13
5966,13
8979,13
485,13
3102,13
2174,13
4650,13
4897,13
4444,13
4613,13
2495,13
2993,13
4646,13
10024,13
2159,13
7825,13
5792,13
1075,13
1287,13
3002,13
4682,13
5022,13
2272,13
6385,13
648,13
1498,13
1662,13
9259,13
10541,13
2097,13
2277,13
9696,13
4058,13
1381,13
2119,13
5912,13
9495,13
9875,13
4253,13
5615,13
6113,13
10004,13
7350,13
239,13
9649,13
3193,13
10465,13
8348,13
5696,13
9386,13
1214,13
5669,13
1611,13
1320,13
1447,13
5796,13
249,13
4148,13
7706,13
11300,13
1389,13
1916,13
6807,13
816,13
8777,13
6372,13
9688,13
5733,13
5027,13
5958,13
8197,13
1709,13
2505,13
3560,13
1666,13
1853,13
4053,13
7060,13
4063,13
11137,13
12497,13
1289,13
5757,13
7336,13
1801,13
1465,13
1548,13
2868,13
2573,13
5812,13
6731,13
2441,13
3493,13
6585,13
8735,13
141,13
2160,13
4516,13
592,13
1023,13
680,13
1383,13
254,13
3995,13
7373,13
9956,13
2527,13
298,13
6468,13
10229,13
1573,13
2400,13
3380,13
3642,13
4728,13
5815,13
5955,13
8729,13
4152,13
910,13
3187,13
4514,13
7307,13
1563,13
5634,13
7582,13
1954,13
5991,13
11812,13
1070,13
3536,13
6860,13
4046,13
2642,13
3186,13
4388,13
9017,13
7643,13
8539,13
275,13
3312,13
5456,13
8542,13
5419,13
4674,13
5919,13
8101,13
8057,13
1013,13
6352,13
8235,13
2509,13
917,13
932,13
3368,13
5477,13
878,13
2546,13
2713,13
954,13
5990,13
9460,13
3910,13
6819,13
5803,12
11280,12
1903,12
4391,12
5345,12
7850,12
8257,12
9383,12
1884,12
3876,12
1223,12
8501,12
12210,12
481,12
9721,12
918,12
10267,12
4798,12
5383,12
11478,12
1525,12
1863,12
2294,12
1404,12
4321,12
8961,12
7602,12
5490,12
2079,12
2522,12
2905,12
3650,12
1752,12
2697,12
3624,12
688,12
2032,12
2467,12
1493,12
5212,12
5759,12
1269,12
4919,12
3370,12
7023,12
11326,12
1085,12
3512,12
5238,12
5401,12
7718,12
9712,12
4523,12
9824,12
3353,12
5422,12
13781,12
5765,12
10227,12
3184,12
4389,12
222,12
6465,12
2725,12
8427,12
230,12
625,12
6071,12
157,12
11353,12
1942,12
2181,12
9247,12
47,12
1456,12
1586,12
1599,12
2108,12
9516,12
2886,12
2760,12
7768,12
4338,12
1812,12
3861,12
4315,12
11050,12
7616,12
10975,12
4288,12
218,12
7793,12
852,12
2158,12
2699,12
1627,12
429,12
1988,12
2712,12
4564,12
12358,12
582,12
3529,12
10802,12
2177,12
2651,12
4157,12
9862,12
6017,12
6994,12
10017,12
2223,12
2613,12
3049,12
4226,12
266,12
4529,12
6261,12
7601,12
9623,12
4212,12
7520,12
2105,12
2554,12
2571,12
3635,12
4204,12
10447,12
5054,12
5917,12
10512,12
13221,12
5738,12
1186,12
7549,12
2743,12
9906,12
936,12
1181,12
7870,12
8390,12
2569,12
4416,12
8474,12
1151,12
1253,12
9992,12
10016,12
2841,12
5941,12
9031,12
9610,12
1330,12
1654,12
5166,12
2732,12
3637,12
207,12
3609,12
4933,12
5869,12
8102,12
1624,12
1747,12
2534,12
11136,12
316,12
461,12
3163,12
5404,12
2567,12
8137,12
5372,12
374,12
6447,12
7509,12
3451,12
3902,12
5342,12
7612,12
4023,12
1293,12
7327,12
2588,12
3300,12
5748,12
5943,12
1982,12
1850,12
2490,12
4567,12
1369,12
8373,12
8596,12
4075,12
9256,12
10479,12
7618,12
1438,12
9994,12
7603,12
7724,12
8446,12
1545,12
5923,12
7638,12
669,12
4215,12
4690,12
5795,12
9294,12
2204,12
2581,12
4044,12
4054,12
4066,12
1066,12
10722,12
10757,12
877,12
1432,12
4490,12
5775,12
2988,12
3024,12
9271,12
1531,12
5072,12
9619,12
1998,12
7620,12
7814,12
3662,12
7180,12
7883,12
585,12
2333,12
3090,12
5451,12
10486,12
11548,12
7463,12
10716,12
2358,12
6347,12
4008,12
9985,12
2498,12
3707,12
4344,12
10573,12
11528,12
3526,12
4687,12
4689,12
7200,12
814,12
4761,12
3855,12
4673,12
13620,12
3518,12
3998,12
8461,12
9634,12
3618,12
4272,12
6535,12
3463,12
7951,12
5410,12
2568,12
1528,12
12371,12
2578,12
1368,12
5613,12
6758,12
9954,12
7194,12
4400,12
10753,12
4255,12
5313,12
8810,12
95,12
411,12
482,12
6843,12
3177,12
3064,12
3233,12
5111,12
866,12
3385,12
3477,12
6507,12
1042,12
2274,12
4275,12
490,12
3820,12
7195,12
1053,12
8149,12
9791,12
2088,12
3311,12
3953,12
203,12
2530,12
6903,12
8837,12
3565,12
5747,12
735,12
1622,12
3041,12
5623,12
7544,12
7593,12
534,12
5842,12
8277,12
1842,12
3230,12
1268,12
3977,12
5963,12
3424,12
3544,12
6070,12
6881,12
83,12
3223,12
10576,12
11275,12
3238,12
2379,12
7381,12
3680,12
5021,12
7671,12
4895,12
8994,12
1728,12
10460,12
8714,12
1106,12
8195,12
9356,12
4856,12
4871,12
7064,12
8089,12
1984,12
7625,12
8050,12
9026,12
773,12
2825,12
3737,12
1004,12
7668,12
10048,12
6412,12
281,12
8076,12
10778,12
3299,12
3005,12
6111,12
9400,12
901,12
2766,12
4346,12
682,12
3021,12
9068,12
4341,12
681,12
11276,12
996,12
6069,12
10494,12
7822,12
2745,12
5721,12
745,12
1900,12
4330,12
4941,12
4121,12
11095,12
841,12
1933,12
6205,12
4811,12
5530,12
4421,12
10034,12
3046,12
4484,12
11871,12
1476,12
471,11
1829,11
6658,11
9465,11
1507,11
2387,11
2811,11
4161,11
3488,11
3089,11
1977,11
2392,11
2655,11
2559,11
6396,11
6832,11
8229,11
853,11
8450,11
8927,11
1808,11
5920,11
8146,11
9867,11
633,11
857,11
9035,11
876,11
2173,11
4713,11
11885,11
1700,11
9097,11
796,11
1537,11
9562,11
10334,11
10371,11
1183,11
3198,11
4153,11
6056,11
9217,11
7800,11
497,11
4083,11
6855,11
3151,11
8127,11
3626,11
11041,11
3941,11
6437,11
6847,11
6936,11
384,11
831,11
6865,11
2322,11
3666,11
5606,11
7662,11
5448,11
1398,11
6956,11
8782,11
12841,11
738,11
2701,11
3260,11
6896,11
3216,11
4047,11
4227,11
4526,11
822,11
12273,11
2031,11
3888,11
4387,11
727,11
1796,11
1961,11
2521,11
4203,11
12088,11
232,11
5042,11
9988,11
6929,11
3862,11
4459,11
5084,11
5478,11
6836,11
2192,11
6326,11
7890,11
8621,11
8721,11
556,11
1244,11
2109,11
6014,11
6515,11
7896,11
3104,11
3734,11
6560,11
7398,11
8010,11
696,11
5354,11
1723,11
2082,11
1626,11
4435,11
6099,11
4663,11
3648,11
11180,11
896,11
1504,11
3208,11
3147,11
10407,11
212,11
2967,11
3607,11
3754,11
4450,11
7733,11
10697,11
1323,11
1399,11
2768,11
5082,11
8238,11
9493,11
2536,11
6759,11
7286,11
636,11
10937,11
11332,11
3549,11
6764,11
839,11
4562,11
7349,11
9980,11
283,11
6824,11
431,11
1670,11
11211,11
5440,11
5510,11
11594,11
570,11
8548,11
9660,11
9834,11
6308,11
4820,11
4846,11
9816,11
1028,11
3209,11
6181,11
6323,11
7703,11
5545,11
1167,11
4027,11
5954,11
3894,11
9385,11
163,11
191,11
1341,11
4739,11
6529,11
9305,11
2492,11
6803,11
8912,11
1436,11
2844,11
3947,11
9539,11
3676,11
5489,11
2176,11
2856,11
3243,11
4318,11
4623,11
3931,11
4130,11
554,11
1002,11
1048,11
1692,11
3694,11
1326,11
3440,11
4249,11
10685,11
5572,11
4460,11
5420,11
5494,11
511,11
3612,11
6335,11
8078,11
3015,11
5446,11
1470,11
11193,11
1703,11
4967,11
8196,11
358,11
854,11
1831,11
3330,11
5471,11
9238,11
675,11
1635,11
1649,11
6019,11
8189,11
4113,11
937,11
2932,11
3784,11
7538,11
10740,11
6085,11
318,11
1858,11
2401,11
2887,11
4143,11
6512,11
7741,11
2004,11
1406,11
4946,11
10909,11
5661,11
8262,11
9114,11
9904,11
2783,11
9014,11
5421,11
5560,11
746,11
7653,11
8128,11
594,11
614,11
7139,11
11035,11
4184,11
698,11
2667,11
2906,11
4453,11
1154,11
2561,11
5630,11
1096,11
5956,11
6369,11
5720,11
10482,11
10837,11
1779,11
5742,11
10559,11
757,11
930,11
4601,11
5925,11
11272,11
23,11
1169,11
2959,11
5432,11
4550,11
247,11
9742,11
3777,11
5549,11
343,11
439,11
1837,11
2674,11
4011,11
5443,11
994,11
1555,11
1388,11
1790,11
3052,11
5393,11
8465,11
467,11
3867,11
6478,11
8671,11
13819,11
400,11
1317,11
2345,11
2516,11
8965,11
4260,11
11396,11
1058,11
1347,11
8336,11
8995,11
1609,11
1825,11
3597,11
4981,11
7629,11
8958,11
11416,11
4292,11
4932,11
7059,11
3807,11
6752,11
8960,11
10086,11
10620,11
293,11
8368,11
13731,11
952,11
3742,11
4670,11
320,11
2793,11
11225,11
2992,11
4370,11
5996,11
10701,11
167,11
3935,11
7138,11
80,11
1987,11
3016,11
4803,11
11472,11
5201,11
9083,11
1126,11
3205,11
5710,11
1419,11
3994,11
8295,11
10432,11
1558,11
3290,11
4278,11
8642,11
7511,11
5434,11
11126,11
6870,11
1099,11
740,11
7163,11
741,11
4563,11
5368,11
2125,11
2862,11
3322,11
7563,11
9969,11
10023,11
1177,11
3253,11
3599,11
3713,11
3847,11
5161,11
5093,11
5723,11
3547,11
98,11
195,11
1257,11
3302,11
1524,11
3466,11
5352,11
5779,11
1173,11
1631,11
3569,11
4696,11
7395,11
371,11
2450,11
4241,11
469,11
3896,11
6783,11
11046,11
10616,11
724,11
3992,11
4746,11
5046,11
7542,11
2660,11
109,11
1617,11
2427,11
718,11
1554,11
2816,11
708,11
783,11
7185,11
9000,11
5430,11
10203,11
12204,11
3672,11
4362,11
7712,11
10357,11
204,11
1794,11
4268,11
10784,11
1860,11
4031,11
8020,11
2767,11
6444,11
8736,11
6915,11
546,11
1228,11
2101,11
3533,11
3928,11
4609,11
4685,11
349,11
8775,11
1753,11
242,11
9661,11
12552,11
1095,11
3914,11
7585,11
10455,11
2334,11
5060,11
2974,11
3942,11
4771,11
5314,11
5746,11
2548,11
4112,11
7111,11
7172,11
8964,11
9049,11
12144,11
1819,11
1112,11
1652,11
4872,11
6013,11
6701,11
7809,11
1428,11
3348,11
4556,11
6652,11
7813,11
3295,11
4988,11
5209,11
184,11
1836,11
557,11
915,11
3176,11
1976,11
10908,11
4659,11
9359,11
3554,11
8013,11
2514,11
10515,11
864,11
4179,11
9050,11
6061,11
8471,11
9321,11
12600,11
5275,11
7384,11
4331,11
5436,11
10762,11
2425,11
1204,11
2570,11
11359,11
5754,11
2973,11
4234,11
3688,11
1656,11
2746,11
8754,11
5431,11
7874,11
148,10
7833,10
243,10
2580,10
3698,10
7417,10
1322,10
2996,10
10798,10
2443,10
5074,10
8211,10
970,10
3105,10
5995,10
6866,10
10597,10
1466,10
2035,10
3691,10
5100,10
1016,10
5692,10
6678,10
9433,10
1160,10
3087,10
10022,10
5375,10
7342,10
11954,10
5605,10
7571,10
11059,10
11897,10
2484,10
4088,10
7331,10
7533,10
10727,10
183,10
2180,10
2463,10
7818,10
10449,10
3706,10
7539,10
2752,10
4925,10
12582,10
3595,10
4695,10
8006,10
6011,10
7122,10
8826,10
12298,10
811,10
908,10
2134,10
4199,10
11823,10
1363,10
4036,10
103,10
2497,10
4899,10
7556,10
10368,10
3548,10
4317,10
7020,10
11282,10
5328,10
5465,10
6522,10
6668,10
548,10
602,10
3865,10
8351,10
10728,10
663,10
7710,10
2127,10
3239,10
5112,10
9919,10
10684,10
10760,10
285,10
1824,10
3586,10
7026,10
9653,10
11948,10
4606,10
5953,10
8004,10
9723,10
12146,10
3689,10
4251,10
5025,10
5500,10
6503,10
8851,10
233,10
758,10
6898,10
7792,10
9053,10
11026,10
246,10
855,10
7938,10
111,10
2628,10
6350,10
9059,10
11273,10
2064,10
6024,10
6553,10
6960,10
3293,10
10377,10
906,10
8751,10
935,10
1266,10
3956,10
6778,10
6932,10
9725,10
1491,10
3206,10
3421,10
3636,10
3752,10
3923,10
5047,10
9418,10
10463,10
259,10
512,10
2054,10
4786,10
7725,10
11917,10
1391,10
4351,10
10376,10
768,10
4464,10
9864,10
4569,10
6294,10
6975,10
689,10
3197,10
8019,10
9157,10
9476,10
3572,10
8256,10
9055,10
6,10
86,10
11142,10
205,10
4565,10
7660,10
9478,10
1082,10
2879,10
7595,10
9309,10
9833,10
1956,10
6053,10
6579,10
9052,10
9707,10
6711,10
12578,10
169,10
2326,10
1994,10
2519,10
4620,10
692,10
1021,10
3791,10
5237,10
9932,10
3067,10
8091,10
10104,10
2489,10
3399,10
4137,10
5553,10
10963,10
13215,10
966,10
1467,10
7559,10
7657,10
8374,10
9345,10
292,10
919,10
3269,10
4603,10
9091,10
10306,10
7735,10
8234,10
4765,10
9779,10
3632,10
6127,10
9357,10
507,10
11192,10
2128,10
2985,10
9239,10
11214,10
1232,10
2755,10
9964,10
430,10
989,10
1420,10
4324,10
5463,10
6833,10
2964,10
6304,10
10115,10
4494,10
6299,10
9858,10
11880,10
5594,10
1490,10
3181,10
4476,10
9300,10
2909,10
154,10
4017,10
9278,10
347,10
2190,10
2410,10
8237,10
1827,10
4235,10
4534,10
5171,10
7148,10
9790,10
10442,10
1052,10
7903,10
9364,10
11123,10
3404,10
12173,10
1182,10
11171,10
843,10
2620,10
8519,10
9820,10
6256,10
5946,10
6077,10
10764,10
3301,10
5183,10
8365,10
5180,10
6893,10
17,10
1219,10
4576,10
324,10
1967,10
9095,10
9274,10
505,10
2244,10
2269,10
5216,10
7645,10
7429,10
7766,10
8246,10
1698,10
6571,10
11067,10
3316,10
677,10
739,10
2875,10
5767,10
6138,10
870,10
2273,10
4626,10
7784,10
7948,10
8746,10
1789,10
4440,10
8801,10
9942,10
10476,10
800,10
1735,10
1833,10
2171,10
4068,10
2983,10
4361,10
4916,10
7341,10
8202,10
8662,10
9757,10
1737,10
4881,10
9302,10
10261,10
1340,10
1540,10
2046,10
9738,10
449,10
4313,10
10945,10
6816,10
719,10
4002,10
5797,10
672,10
1462,10
8581,10
8885,10
10424,10
2576,10
3154,10
7773,10
7924,10
11175,10
11418,10
2136,10
6388,10
7956,10
9033,10
10033,10
12113,10
856,10
2199,10
7986,10
10496,10
1914,10
4716,10
5683,10
9002,10
565,10
3407,10
4071,10
7753,10
4154,10
7076,10
4651,10
5788,10
6456,10
9174,10
438,10
3188,10
10431,10
2951,10
3589,10
4035,10
4715,10
8252,10
9989,10
1001,10
1742,10
4135,10
1134,10
1791,10
3357,10
4431,10
7477,10
234,10
312,10
1209,10
5058,10
10452,10
1638,10
1960,10
2512,10
4845,10
5693,10
7862,10
10509,10
848,10
2769,10
6812,10
7392,10
9445,10
4722,10
10525,10
2012,10
2462,10
4052,10
5731,10
5989,10
8223,10
8327,10
11066,10
5725,10
9874,10
12430,10
812,10
418,10
9600,10
6501,10
7827,10
8276,10
394,10
5426,10
5628,10
8749,10
6931,10
9974,10
245,10
1923,10
2112,10
4270,10
7900,10
9188,10
2539,10
10731,10
795,10
3974,10
4862,10
6159,10
6486,10
2715,10
3693,10
5207,10
121,10
5143,10
5635,10
7652,10
8584,10
351,10
4590,10
697,10
10718,10
2123,10
5498,10
2074,10
12551,10
1079,10
1283,10
1911,10
3246,10
338,10
2870,10
8268,10
256,10
911,10
5714,10
9472,10
10989,10
6364,10
7175,10
8823,10
9179,10
2216,10
2472,10
1712,10
5240,10
12557,10
3553,10
8386,10
1027,10
8307,10
1668,10
2508,10
3396,10
5483,10
899,10
8349,10
8463,10
2592,10
5005,10
515,10
4309,10
378,10
940,10
1726,10
1883,10
4139,10
4584,10
5051,10
5406,10
997,10
2233,10
3957,10
6121,10
8240,10
9042,10
11521,10
749,10
2390,10
9159,10
4634,10
536,10
6041,10
8659,10
370,10
4269,10
9177,10
58,10
188,10
3145,10
6453,10
6814,10
8515,10
8983,10
421,10
3109,10
3903,10
4488,10
2221,10
2459,10
5766,10
6242,10
9421,10
6258,10
6317,10
12486,10
1080,10
1972,10
4371,10
5858,10
6458,10
8387,10
2946,10
5486,10
6912,10
11889,10
657,10
4597,10
10548,10
1958,10
8035,10
11466,10
1086,10
4417,10
3948,10
6802,10
7772,10
9744,10
803,10
1817,10
6519,10
7007,10
11559,10
11593,10
4665,10
8316,10
9922,10
3921,10
4194,10
2000,10
5644,10
6180,10
10523,10
5648,10
1986,10
6800,10
9856,10
11099,10
3315,10
8833,10
1702,10
3578,10
3989,10
5233,10
815,10
9380,10
9636,10
10702,10
700,10
1568,10
4711,10
10179,10
11687,10
1940,10
3887,10
5139,10
7756,10
7777,10
1392,10
2382,10
5681,10
10439,10
2186,10
5684,10
716,10
5665,10
8920,10
9978,10
2175,10
2676,10
4749,10
11074,10
9704,10
949,10
1867,10
3271,10
3901,10
5706,10
7635,10
4171,10
6033,10
10988,10
468,10
2700,10
11807,10
11324,10
521,10
2184,10
3345,10
7043,10
8836,10
10467,10
10719,10
10481,10
12516,10
1882,10
1993,10
3402,10
4319,10
6459,10
517,10
2310,10
5911,10
7166,10
2122,9
3175,9
3749,9
3997,9
3475,9
6773,9
2572,9
5071,9
7098,9
7530,9
588,9
2247,9
3028,9
6176,9
6937,9
7987,9
296,9
1766,9
3242,9
4612,9
11014,9
12530,9
1133,9
5030,9
5457,9
8051,9
2625,9
4061,9
5529,9
8042,9
9324,9
4796,9
1561,9
3124,9
3431,9
3844,9
11911,9
12542,9
5038,9
5417,9
7499,9
11183,9
11876,9
1500,9
1823,9
4181,9
4415,9
6737,9
7744,9
939,9
2662,9
8698,9
8977,9
1031,9
3234,9
5981,9
10234,9
1296,9
2018,9
4424,9
4482,9
5119,9
6342,9
8877,9
11422,9
1974,9
2778,9
2945,9
3582,9
8986,9
11201,9
3403,9
7634,9
9443,9
10354,9
11883,9
1816,9
1889,9
2526,9
2678,9
3346,9
8747,9
11868,9
501,9
2335,9
3743,9
5396,9
5993,9
8656,9
1019,9
1294,9
6040,9
8822,9
8895,9
11111,9
3183,9
5219,9
9498,9
10116,9
11562,9
1866,9
5480,9
5768,9
9873,9
3284,9
6904,9
8115,9
10010,9
1260,9
4198,9
7447,9
2692,9
3116,9
5069,9
5841,9
5886,9
8947,9
2502,9
6045,9
7742,9
333,9
1908,9
3546,9
3814,9
875,9
6442,9
6616,9
22,9
319,9
4028,9
10683,9
225,9
4376,9
7580,9
13549,9
3991,9
9395,9
11105,9
224,9
519,9
6993,9
10409,9
2284,9
2612,9
4655,9
5182,9
5620,9
9166,9
10310,9
711,9
2998,9
4032,9
6946,9
8200,9
2092,9
3349,9
6097,9
7347,9
10352,9
386,9
955,9
5639,9
10235,9
774,9
2191,9
3261,9
3976,9
4162,9
7555,9
8040,9
8088,9
1122,9
1145,9
2329,9
7335,9
7854,9
10871,9
13249,9
2614,9
2781,9
3025,9
5499,9
1302,9
1798,9
2183,9
3593,9
1458,9
2155,9
3162,9
4438,9
5761,9
6813,9
12574,9
1922,9
2633,9
3172,9
6112,9
7611,9
7780,9
7789,9
11633,9
182,9
1608,9
3032,9
5231,9
9152,9
10294,9
10497,9
348,9
1682,9
5590,9
5992,9
1089,9
1267,9
3720,9
4030,9
9353,9
4672,9
5016,9
6146,9
3509,9
4091,9
12579,9
3413,9
4944,9
9937,9
1636,9
3415,9
4645,9
5724,9
7894,9
5538,9
6745,9
1461,9
8160,9
4995,9
6020,9
1273,9
10899,9
868,9
2405,9
3871,9
7110,9
7506,9
9058,9
923,9
1146,9
3506,9
3649,9
3815,9
5347,9
8159,9
969,9
4692,9
6719,9
10943,9
5466,9
9650,9
12531,9
1701,9
6293,9
9977,9
10271,9
12587,9
452,9
2447,9
5526,9
2740,9
8381,9
9404,9
5132,9
8273,9
13657,9
959,9
1357,9
2824,9
4454,9
5311,9
6801,9
10315,9
2515,9
3369,9
4536,9
4627,9
8614,9
6985,9
560,9
1938,9
5964,9
7667,9
1128,9
4322,9
7831,9
8909,9
10493,9
299,9
2987,9
3806,9
7692,9
7860,9
8557,9
9513,9
309,9
4191,9
4445,9
5896,9
6414,9
10954,9
11587,9
484,9
607,9
4647,9
11847,9
43,9
3382,9
4308,9
4742,9
6479,9
7881,9
12301,9
11262,9
1947,9
6940,9
9627,9
4348,9
5094,9
5186,9
6877,9
7558,9
11047,9
11784,9
666,9
5476,9
6976,9
9287,9
10350,9
2036,9
11840,9
489,9
590,9
2354,9
4930,9
5124,9
8023,9
11874,9
659,9
1362,9
4793,9
7393,9
11027,9
11376,9
1231,9
3610,9
4572,9
4694,9
5409,9
7259,9
8589,9
8867,9
979,9
1487,9
3199,9
4211,9
4772,9
3634,9
3805,9
4264,9
5283,9
7842,9
564,9
3122,9
5737,9
9330,9
231,9
1597,9
11508,9
13414,9
1164,9
1329,9
1351,9
2164,9
3658,9
4546,9
5249,9
13900,9
286,9
2107,9
4587,9
6829,9
8945,9
11811,9
9233,9
12244,9
695,9
8119,9
9268,9
2206,9
2718,9
9394,9
610,9
2444,9
3966,9
8194,9
9987,9
13564,9
1142,9
11284,9
568,9
1377,9
6235,9
8299,9
829,9
1957,9
3823,9
6521,9
9094,9
9242,9
2338,9
6015,9
9524,9
11208,9
13668,9
229,9
1037,9
2631,9
2904,9
3273,9
3513,9
7380,9
7872,9
8793,9
10785,9
494,9
1205,9
10057,9
10615,9
12111,9
1575,9
3653,9
9973,9
13365,9
717,9
3575,9
3739,9
3959,9
4299,9
7136,9
1996,9
2687,9
6892,9
7597,9
8284,9
679,9
1015,9
2440,9
2784,9
5998,9
629,9
1868,9
3772,9
3964,9
13651,9
1431,9
3294,9
7728,9
13605,9
4109,9
5075,9
9288,9
453,9
2214,9
3251,9
3319,9
4359,9
8169,9
1620,9
3164,9
7866,9
8767,9
331,9
465,9
2187,9
4539,9
5376,9
5408,9
6102,9
7545,9
7998,9
532,9
1297,9
1619,9
3218,9
8835,9
129,9
448,9
7151,9
11438,9
2194,9
6418,9
6927,9
7074,9
3985,9
4968,9
8073,9
8892,9
11034,9
13462,9
869,9
5269,9
9061,9
1898,9
5653,9
7099,9
6947,9
3266,9
3651,9
5574,9
6951,9
7397,9
7737,9
8384,9
8645,9
1401,9
3787,9
4402,9
4734,9
6120,9
771,9
951,9
4087,9
5931,9
12004,9
1639,9
2290,9
6897,9
6899,9
45,9
977,9
2608,9
2788,9
4168,9
6136,9
7840,9
8233,9
10858,9
946,9
2722,9
5402,9
5942,9
7510,9
9751,9
10457,9
2901,9
4439,9
5138,9
7626,9
11649,9
3486,9
3590,9
8258,9
2254,9
2928,9
3616,9
4463,9
6565,9
7590,9
9150,9
6981,9
9146,9
9750,9
2689,9
7338,9
3755,9
4099,9
5957,9
6012,9
6923,9
9227,9
2551,9
4332,9
1592,9
3576,9
7700,9
8808,9
219,9
5196,9
10595,9
2145,9
5321,9
7430,9
10238,9
2139,9
2453,9
5312,9
558,9
4084,9
4841,9
6236,9
8752,9
2708,9
4051,9
7623,9
12563,9
1327,9
4366,9
8545,9
10652,9
3459,9
6431,9
9072,9
10406,9
933,9
1936,9
4753,9
6633,9
8230,9
9064,9
11872,9
595,9
2285,9
4342,9
4735,9
5126,9
7326,9
8266,9
9225,9
10585,9
828,9
1767,9
4553,9
4815,9
6815,9
10985,9
11699,9
863,9
1319,9
1844,9
10401,9
1014,9
1115,9
3738,9
5508,9
5855,9
5894,9
2460,9
334,9
5583,9
8553,9
2043,9
2710,9
2795,9
1149,9
1446,9
3019,9
4492,9
12389,9
1281,9
1474,9
4942,9
9245,9
10756,9
1162,9
10564,9
2146,9
5358,9
7403,9
11727,9
753,9
2280,9
2707,9
4350,9
5698,9
7094,9
7529,9
8724,9
10591,9
10705,9
12001,9
3849,9
4360,9
4378,9
6986,9
7654,9
9030,9
1152,9
110,9
5439,9
6589,9
8371,9
10419,9
13669,9
7369,9
7950,9
10644,9
2486,9
4021,9
10492,9
2024,9
2894,9
4575,9
7591,9
805,9
2478,9
5232,9
6750,9
7746,9
1184,9
4745,9
6007,9
7586,9
8963,9
9746,9
13296,9
379,9
4980,9
5277,9
6338,9
10713,9
284,9
2709,9
5118,9
6286,9
7820,9
7844,9
1788,9
3558,9
6251,9
11879,9
1566,9
2415,9
3448,9
7502,9
9920,9
1572,9
4261,9
962,9
3968,9
7670,9
8253,9
365,9
1316,9
7288,9
2276,9
3950,9
5700,9
1449,9
3329,9
4953,9
5145,9
7658,9
9010,9
571,9
1011,9
3503,9
4911,9
6148,9
7082,9
11063,9
11322,9
11600,9
1445,9
3214,9
4850,9
405,9
1012,9
4085,9
4555,9
10328,9
186,9
5318,9
5514,9
8733,9
12020,9
7834,9
9062,9
7934,9
1309,9
7790,9
8209,9
9500,9
172,9
4732,9
399,9
2976,9
8294,9
8517,9
9111,9
2528,9
3980,9
4222,9
1734,9
2002,9
2645,9
2859,9
4707,9
8466,9
8919,9
9381,9
13232,9
2673,9
4467,9
5455,9
9626,9
9645,9
134,9
584,9
3291,9
5301,9
10566,9
5979,9
8261,9
1359,9
2454,9
4513,9
8838,9
2487,9
3245,9
6047,9
6438,9
9067,9
9901,9
10403,9
1238,8
1580,8
1645,8
4818,8
6336,8
11858,8
13623,8
540,8
4158,8
4929,8
8105,8
10703,8
1270,8
1618,8
1650,8
1699,8
7879,8
8222,8
10708,8
137,8
580,8
2259,8
4239,8
5482,8
3561,8
5157,8
5217,8
5578,8
5682,8
5695,8
7324,8
898,8
6890,8
10786,8
11143,8
11243,8
4291,8
4396,8
4583,8
10605,8
1005,8
2848,8
3703,8
4167,8
4624,8
5949,8
10530,8
974,8
4512,8
9898,8
1212,8
2513,8
4401,8
5571,8
9006,8
9968,8
12014,8
4418,8
5962,8
1198,8
2200,8
5367,8
8172,8
11627,8
3043,8
4683,8
5926,8
11808,8
5699,8
7550,8
7666,8
10422,8
12328,8
1892,8
2313,8
4326,8
6095,8
7613,8
8827,8
8976,8
9781,8
10414,8
10651,8
11571,8
1243,8
2842,8
3885,8
7306,8
11496,8
11946,8
12373,8
1064,8
1489,8
5930,8
7594,8
7796,8
587,8
988,8
7838,8
10043,8
6863,8
8130,8
10640,8
11213,8
2650,8
3133,8
7489,8
8980,8
9935,8
13838,8
5037,8
5160,8
8426,8
844,8
5405,8
1759,8
2727,8
7684,8
8674,8
9205,8
10950,8
13644,8
2496,8
4610,8
5080,8
2531,8
4394,8
5105,8
9264,8
11368,8
11717,8
4669,8
5062,8
5374,8
6096,8
7418,8
7600,8
91,8
409,8
1077,8
1659,8
8888,8
10415,8
2726,8
3891,8
11711,8
2532,8
8280,8
10776,8
12535,8
3579,8
7919,8
10037,8
11888,8
12203,8
13295,8
1291,8
3975,8
8969,8
1506,8
8375,8
367,8
3276,8
4040,8
4530,8
8886,8
12533,8
8595,8
3144,8
8163,8
177,8
2038,8
2619,8
4756,8
5162,8
6143,8
6394,8
6435,8
8722,8
2466,8
4822,8
5547,8
6774,8
882,8
1542,8
4893,8
5334,8
5609,8
8271,8
1306,8
5344,8
5595,8
10346,8
10480,8
11514,8
2635,8
2840,8
7346,8
9340,8
3798,8
6720,8
9399,8
797,8
1595,8
1664,8
2239,8
3283,8
4561,8
5611,8
7355,8
9459,8
12408,8
2775,8
7720,8
8830,8
11572,8
13251,8
3030,8
4475,8
7271,8
8208,8
13571,8
5539,8
8445,8
7707,8
7709,8
11001,8
4304,8
6729,8
10572,8
280,8
4151,8
6375,8
7812,8
8574,8
9073,8
9885,8
10610,8
11207,8
1367,8
2433,8
4977,8
7617,8
8204,8
8513,8
10833,8
4914,8
5167,8
9749,8
13696,8
142,8
925,8
1062,8
3700,8
3908,8
5701,8
10737,8
11212,8
328,8
1410,8
5031,8
5359,8
10283,8
10667,8
40,8
2391,8
2686,8
3195,8
5933,8
500,8
4355,8
5339,8
8930,8
10808,8
13456,8
4991,8
295,8
980,8
6165,8
7759,8
1394,8
4038,8
4118,8
6322,8
10411,8
1628,8
8742,8
10507,8
12567,8
13803,8
2694,8
4544,8
6583,8
6959,8
7019,8
339,8
4356,8
5148,8
9947,8
10325,8
2640,8
3534,8
9276,8
10243,8
235,8
846,8
871,8
4159,8
7633,8
8834,8
1032,8
5203,8
8993,8
9481,8
544,8
650,8
2803,8
8653,8
10248,8
1855,8
9402,8
10720,8
7740,8
8563,8
8705,8
11430,8
3816,8
4559,8
4867,8
7795,8
11043,8
397,8
2451,8
2761,8
2822,8
2930,8
3039,8
8385,8
9046,8
836,8
5243,8
5385,8
9537,8
10056,8
11577,8
780,8
5327,8
5702,8
6072,8
8824,8
10780,8
11215,8
14060,8
5554,8
6255,8
8095,8
8720,8
9715,8
1220,8
1874,8
2895,8
7503,8
9930,8
9995,8
886,8
1252,8
1255,8
1298,8
3762,8
9621,8
9894,8
10430,8
11527,8
1189,8
1979,8
2150,8
6345,8
11932,8
1632,8
3285,8
9576,8
10289,8
3118,8
3333,8
3638,8
5743,8
8593,8
2834,8
3310,8
6787,8
8216,8
9760,8
12687,8
13682,8
2524,8
12862,8
1576,8
3999,8
8372,8
8406,8
8688,8
1697,8
12195,8
1971,8
3092,8
4712,8
5495,8
9941,8
11400,8
2149,8
7745,8
9668,8
13194,8
1310,8
1396,8
2241,8
7176,8
10796,8
11307,8
1913,8
3323,8
4296,8
4740,8
4770,8
4875,8
11522,8
3011,8
4668,8
6558,8
7117,8
7437,8
11370,8
13627,8
2589,8
4382,8
9336,8
2403,8
3141,8
4511,8
10040,8
12381,8
5067,8
6765,8
8951,8
9282,8
72,8
1778,8
3114,8
9118,8
11098,8
12318,8
13235,8
3392,8
4500,8
7363,8
9125,8
9927,8
387,8
4409,8
4889,8
5975,8
7953,8
8544,8
10044,8
761,8
2445,8
3137,8
3571,8
4412,8
5970,8
5999,8
7114,8
8281,8
11884,8
13753,8
2716,8
6400,8
8692,8
9051,8
9703,8
3938,8
5575,8
7605,8
9360,8
11062,8
2202,8
2469,8
7803,8
10797,8
11224,8
986,8
3563,8
9346,8
10470,8
12532,8
537,8
11341,8
713,8
2970,8
5752,8
8241,8
8989,8
9709,8
11056,8
4,8
684,8
1669,8
3339,8
4333,8
6344,8
6363,8
8667,8
10009,8
13268,8
2937,8
6283,8
11005,8
11537,8
5602,8
6390,8
8925,8
10349,8
11010,8
380,8
736,8
1041,8
1076,8
1111,8
2315,8
6626,8
8952,8
9767,8
6063,8
238,8
244,8
2912,8
4666,8
8173,8
8503,8
314,8
728,8
2053,8
9265,8
13636,8
1845,8
5866,8
8112,8
11221,8
171,8
273,8
3652,8
4377,8
5903,8
7004,8
957,8
4124,8
5304,8
5355,8
6107,8
6295,8
9473,8
9959,8
4581,8
5121,8
5774,8
8424,8
8624,8
10503,8
10554,8
1234,8
1872,8
4760,8
4778,8
7484,8
8046,8
9420,8
10653,8
97,8
1261,8
2258,8
5035,8
1746,8
6464,8
8661,8
9229,8
9307,8
9819,8
13432,8
885,8
5449,8
8441,8
8520,8
9499,8
3695,8
4022,8
4301,8
5504,8
1780,8
4794,8
9280,8
10427,8
361,8
2226,8
5468,8
9686,8
12508,8
3850,8
5008,8
8298,8
8759,8
2954,8
3467,8
3644,8
6938,8
7949,8
1102,8
3776,8
3982,8
8604,8
11953,8
12439,8
769,8
5412,8
216,8
3640,8
4456,8
8910,8
9370,8
9701,8
10095,8
10972,8
1405,8
3462,8
5194,8
7674,8
10359,8
11473,8
510,8
4243,8
4282,8
4503,8
9598,8
945,8
4630,8
5705,8
6004,8
9326,8
240,8
5460,8
10008,8
10308,8
427,8
8397,8
8682,8
2648,8
7553,8
7821,8
8333,8
9480,8
2552,8
5350,8
6555,8
7568,8
9829,8
10087,8
10631,8
893,8
10490,8
1479,8
3259,8
5762,8
9043,8
9929,8
730,8
1453,8
3204,8
3751,8
8483,8
11101,8
7121,8
9281,8
6851,8
11114,8
2669,8
4533,8
5813,8
5872,8
11898,8
789,8
1221,8
3845,8
11176,8
1409,8
1514,8
1523,8
4792,8
7414,8
7853,8
3165,8
9089,8
2426,8
4664,8
7608,8
9285,8
11360,8
12130,8
1602,8
3275,8
3507,8
7889,8
10714,8
2130,8
2435,8
4869,8
4965,8
5458,8
10069,8
11158,8
11803,8
13492,8
2960,8
4205,8
6753,8
7776,8
10097,8
11380,8
11833,8
12005,8
2491,8
4853,8
6270,8
8227,8
1906,8
2634,8
5395,8
6983,8
10030,8
2594,8
6048,8
8314,8
751,8
978,8
1547,8
3532,8
4189,8
4868,8
5650,8
8084,8
9679,8
9928,8
4358,8
5484,8
5928,8
7126,8
8215,8
9362,8
9761,8
4540,8
6441,8
7663,8
8929,8
9672,8
11285,8
478,8
2765,8
3603,8
5671,8
5952,8
6349,8
11003,8
3748,8
7677,8
4147,8
4300,8
4755,8
5821,8
6708,8
304,8
1813,8
1830,8
7996,8
865,8
2151,8
2430,8
6008,8
7783,8
7997,8
8286,8
11147,8
11186,8
726,8
1370,8
5980,8
12594,8
33,8
1024,8
1859,8
3965,8
4764,8
6305,8
7830,8
8863,8
8869,8
10967,8
1033,8
4266,8
8758,8
2001,8
5674,8
12275,8
7445,8
10089,8
10270,8
12906,8
1797,8
2263,8
5782,8
5935,8
6310,8
3829,8
344,8
424,8
1658,8
4737,8
7807,8
2476,8
3770,8
7450,8
10658,8
270,8
2049,8
6054,8
8059,8
8142,8
9025,8
9160,8
522,8
2319,8
2611,8
3142,8
4769,8
6220,8
42,8
3113,8
5569,8
7134,8
2944,8
5079,8
6037,8
6246,8
8906,8
9388,8
10021,8
3107,8
10353,8
10379,8
10741,8
10749,8
11599,8
12891,8
999,8
5487,8
6415,8
6474,8
7189,8
8763,8
9184,8
1612,8
6016,8
7778,8
10204,8
12221,8
1503,8
8103,8
1366,8
4060,8
7835,8
8890,8
11853,8
2792,8
3768,8
4628,8
9232,8
9996,8
12233,8
302,8
313,8
4978,8
5163,8
8114,8
8905,8
10689,8
3371,8
4029,8
4748,8
7579,8
9151,8
282,8
605,8
7448,8
9924,8
10744,8
894,8
3194,8
4810,8
11090,8
632,8
1526,8
3464,8
3581,8
5002,8
5371,8
6410,8
6594,8
7573,8
11388,8
14018,8
174,8
215,8
5019,8
7543,8
9363,8
13842,8
562,8
1999,8
2215,8
6104,8
6930,8
252,8
551,8
1063,8
1411,8
4108,8
7104,8
7627,8
9893,8
10533,8
851,8
1710,8
2295,8
4337,8
7135,8
7246,8
7955,8
6526,8
12189,8
2117,8
4310,8
9599,8
138,8
1928,8
4574,8
6083,8
8644,8
8882,8
12354,8
3416,8
5636,8
6039,8
6092,8
8190,8
6604,8
8771,8
11926,8
2599,8
3542,8
3993,8
6135,8
7000,8
8251,8
2370,8
4380,8
6942,8
401,8
7476,8
4900,7
6357,7
7754,7
9427,7
12940,7
897,7
1990,7
3226,7
8803,7
516,7
4489,7
5117,7
6825,7
9517,7
11025,7
11393,7
8743,7
883,7
2249,7
3566,7
5907,7
9206,7
10632,7
11352,7
11745,7
12284,7
804,7
1157,7
2914,7
4357,7
7584,7
10264,7
10416,7
12184,7
2238,7
2874,7
7222,7
8249,7
10128,7
513,7
8231,7
8845,7
9470,7
11194,7
12727,7
321,7
961,7
5222,7
5251,7
5427,7
6939,7
7131,7
8085,7
2797,7
4782,7
5235,7
744,7
7497,7
8003,7
9405,7
11327,7
1675,7
4263,7
4517,7
7562,7
7647,7
10168,7
12355,7
13594,7
2261,7
8689,7
10180,7
385,7
847,7
4293,7
6953,7
9255,7
11072,7
28,7
9714,7
10075,7
10058,7
12286,7
412,7
784,7
787,7
6820,7
12057,7
3296,7
4843,7
9687,7
11334,7
11841,7
1871,7
3359,7
3435,7
6705,7
10654,7
10910,7
11686,7
2439,7
4758,7
4777,7
5586,7
5758,7
8329,7
9446,7
5123,7
9249,7
9442,7
9508,7
916,7
1350,7
1418,7
2169,7
2644,7
3481,7
3528,7
4267,7
4354,7
7676,7
8967,7
11839,7
12192,7
13477,7
806,7
1877,7
5708,7
8141,7
1890,7
2629,7
4104,7
9840,7
984,7
2723,7
3054,7
3328,7
6201,7
8255,7
12881,7
2675,7
3076,7
10570,7
11120,7
11361,7
13440,7
2168,7
2753,7
3502,7
5909,7
6572,7
10535,7
1820,7
5843,7
6028,7
707,7
1215,7
2227,7
4989,7
11729,7
3108,7
3886,7
4120,7
8511,7
9039,7
10053,7
10433,7
10747,7
372,7
685,7
995,7
1848,7
2407,7
5282,7
6469,7
1583,7
2517,7
5568,7
6835,7
7124,7
7210,7
7589,7
8005,7
8047,7
8658,7
11187,7
11829,7
12170,7
12910,7
2042,7
2148,7
2414,7
2724,7
2774,7
4386,7
5266,7
5516,7
6740,7
8131,7
11607,7
599,7
3244,7
6795,7
8037,7
9759,7
12558,7
3817,7
4784,7
7160,7
8178,7
9311,7
12340,7
1477,7
3140,7
3818,7
4481,7
5838,7
8672,7
9512,7
9439,7
11863,7
2829,7
3336,7
4828,7
5286,7
10604,7
355,7
4469,7
4844,7
9732,7
11250,7
291,7
8218,7
12003,7
12032,7
1382,7
1681,7
3020,7
3753,7
4524,7
5315,7
6687,7
6718,7
9931,7
10002,7
704,7
2320,7
6902,7
7343,7
9754,7
3819,7
4973,7
9758,7
11878,7
12190,7
13878,7
5811,7
5960,7
10953,7
12063,7
770,7
1902,7
2475,7
2763,7
6481,7
7806,7
9088,7
9763,7
715,7
1400,7
1427,7
4349,7
5122,7
7140,7
1473,7
1722,7
2170,7
2256,7
3192,7
4688,7
10791,7
1644,7
2213,7
3978,7
4877,7
8880,7
8987,7
10216,7
440,7
2455,7
2471,7
3484,7
4487,7
8402,7
9084,7
9944,7
10045,7
10326,7
2102,7
4365,7
7182,7
572,7
3813,7
5770,7
5676,7
10052,7
11036,7
1130,7
9092,7
10627,7
470,7
3115,7
6506,7
6886,7
7971,7
9940,7
11735,7
1353,7
2193,7
2351,7
2729,7
7775,7
10434,7
10536,7
11028,7
4258,7
6655,7
8201,7
8896,7
10456,7
11962,7
13471,7
13802,7
340,7
3497,7
4807,7
9776,7
9827,7
250,7
402,7
432,7
4176,7
5551,7
6239,7
8206,7
10374,7
10549,7
12981,7
1026,7
8594,7
8957,7
10550,7
11291,7
12374,7
1113,7
1968,7
2464,7
6197,7
13621,7
944,7
1251,7
10035,7
10331,7
3730,7
3757,7
3858,7
4136,7
4221,7
4631,7
6656,7
8263,7
9998,7
11037,7
12341,7
3967,7
5086,7
7220,7
8359,7
12520,7
1951,7
3473,7
4832,7
7112,7
9455,7
9691,7
1518,7
2224,7
2477,7
5626,7
6126,7
6160,7
6430,7
7578,7
11844,7
5657,7
6600,7
8690,7
10766,7
12175,7
1087,7
3135,7
5694,7
6974,7
7911,7
10397,7
6879,7
6884,7
8941,7
9491,7
10001,7
12506,7
5735,7
5924,7
10266,7
10520,7
11107,7
11156,7
2623,7
4849,7
4952,7
5227,7
8884,7
8990,7
9429,7
9794,7
9855,7
553,7
2994,7
6906,7
8248,7
8686,7
9727,7
10412,7
10709,7
11304,7
12815,7
1486,7
5150,7
11432,7
257,7
644,7
826,7
2418,7
7053,7
11315,7
12326,7
1603,7
2131,7
3080,7
4870,7
6134,7
9664,7
1375,7
7517,7
9074,7
10130,7
425,7
904,7
1559,7
1846,7
4110,7
4505,7
5728,7
6588,7
7427,7
8985,7
10330,7
12050,7
447,7
1688,7
2801,7
4478,7
9501,7
14069,7
5667,7
6140,7
2691,7
2798,7
3383,7
3835,7
5688,7
6426,7
6984,7
7765,7
8939,7
9462,7
10638,7
1194,7
2438,7
4195,7
6531,7
6663,7
6876,7
7979,7
9168,7
11939,7
2278,7
3674,7
4073,7
4662,7
9805,7
1132,7
3401,7
4921,7
5044,7
5509,7
7764,7
8082,7
8094,7
8706,7
8973,7
2157,7
4007,7
5048,7
9789,7
14082,7
1119,7
1180,7
2817,7
2942,7
7704,7
9409,7
3412,7
5573,7
8212,7
9342,7
10365,7
11782,7
127,7
523,7
2067,7
4625,7
11253,7
12428,7
3426,7
3955,7
4485,7
6532,7
6747,7
7278,7
3476,7
10607,7
10976,7
12553,7
263,7
2826,7
2968,7
6850,7
10205,7
10939,7
12641,7
2473,7
5470,7
9028,7
11719,7
586,7
7897,7
8566,7
9373,7
9613,7
12400,7
2972,7
6762,7
11378,7
1969,7
2211,7
4537,7
5453,7
5829,7
6065,7
6307,7
3161,7
6849,7
7513,7
9735,7
10690,7
3958,7
4115,7
4754,7
12212,7
4768,7
4824,7
5709,7
7444,7
7767,7
1384,7
2947,7
4423,7
8521,7
10983,7
13482,7
742,7
2523,7
6075,7
6818,7
7389,7
7650,7
7714,7
7846,7
9755,7
11061,7
1945,7
10561,7
733,7
5387,7
6031,7
6446,7
12586,7
13240,7
1727,7
12617,7
810,7
1036,7
2111,7
2402,7
3018,7
4210,7
5319,7
7761,7
10617,7
12073,7
59,7
3505,7
3926,7
5556,7
6175,7
7785,7
8027,7
9004,7
10551,7
11020,7
241,7
450,7
2574,7
3443,7
5662,7
5722,7
6425,7
6567,7
9406,7
10464,7
3036,7
3629,7
6848,7
7867,7
10614,7
2579,7
4731,7
11239,7
13244,7
791,7
3263,7
4693,7
8293,7
8936,7
6570,7
11923,7
13614,7
1365,7
4522,7
5834,7
6854,7
8106,7
8339,7
8479,7
9198,7
9347,7
11274,7
12276,7
13899,7
1422,7
7353,7
7730,7
8014,7
8250,7
12126,7
3916,7
4149,7
5153,7
5730,7
12541,7
1374,7
4045,7
4150,7
8068,7
434,7
956,7
3331,7
4667,7
6122,7
6408,7
7779,7
10483,7
10806,7
11309,7
2705,7
4594,7
4888,7
7884,7
9798,7
11089,7
11586,7
12335,7
3944,7
6087,7
7836,7
8434,7
9397,7
10612,7
7406,7
7535,7
4086,7
5261,7
8347,7
9612,7
9936,7
10093,7
11534,7
661,7
2480,7
4123,7
4142,7
4433,7
5362,7
6066,7
7193,7
9389,7
389,7
1081,7
1356,7
1905,7
4461,7
5033,7
5631,7
5652,7
5717,7
8475,7
11796,7
4026,7
7375,7
11753,7
12131,7
403,7
1738,7
3126,7
8113,7
8696,7
10681,7
13163,7
2350,7
4164,7
4709,7
5645,7
5921,7
589,7
1755,7
1970,7
2167,7
3745,7
4156,7
9993,7
11498,7
11965,7
3592,7
5113,7
6989,7
8283,7
9821,7
11435,7
2787,7
4805,7
5589,7
9132,7
9358,7
9934,7
3429,7
6918,7
14094,7
569,7
938,7
3131,7
8093,7
8232,7
9933,7
12248,7
6767,7
6853,7
8660,7
1655,7
1864,7
1918,7
2719,7
4643,7
5013,7
11305,7
13602,7
2311,7
2452,7
5689,7
7073,7
9332,7
9950,7
11049,7
12746,7
1893,7
5059,7
5378,7
6769,7
2540,7
2902,7
4233,7
7849,7
9955,7
10594,7
2316,7
2672,7
8254,7
12570,7
12695,7
13638,7
237,7
1556,7
3438,7
3510,7
4470,7
5154,7
6545,7
3531,7
5267,7
7845,7
3899,7
8074,7
8098,7
8881,7
10812,7
6164,7
9866,7
3267,7
3906,7
9971,7
11579,7
8875,7
10955,7
967,7
4231,7
11651,7
1687,7
3868,7
5927,7
9676,7
9684,7
651,7
1439,7
1570,7
2165,7
5672,7
8727,7
9367,7
13253,7
8576,7
8695,7
10629,7
11060,7
11964,7
21,7
214,7
710,7
1393,7
6368,7
13848,7
14011,7
1345,7
2116,7
2250,7
2922,7
8063,7
9656,7
13822,7
941,7
2178,7
5601,7
5686,7
714,7
2100,7
7115,7
1832,7
3627,7
6782,7
6950,7
8889,7
11299,7
767,7
2533,7
3255,7
6554,7
8687,7
9809,7
9815,7
12669,7
13272,7
4649,7
7719,7
8732,7
10661,7
2152,7
2927,7
3746,7
5429,7
9535,7
10253,7
11290,7
1919,7
6046,7
7848,7
265,7
640,7
3540,7
6101,7
6968,7
11881,7
12899,7
414,7
1471,7
4306,7
4410,7
8291,7
8541,7
801,7
4077,7
8171,7
12634,7
3722,7
4287,7
8631,7
8685,7
9633,7
639,7
2510,7
9905,7
11323,7
213,7
1686,7
7089,7
7697,7
9720,7
10508,7
11071,7
12157,7
1120,7
5881,7
6226,7
7149,7
7659,7
8245,7
10322,7
807,7
2893,7
3812,7
4548,7
4616,7
4657,7
4971,7
11294,7
2977,7
4462,7
5399,7
8332,7
11044,7
12043,7
913,7
3203,7
6455,7
11542,7
12514,7
2332,7
5525,7
5719,7
5805,7
10389,7
11730,7
11846,7
11,7
781,7
2121,7
3400,7
4188,7
4706,7
5272,7
9044,7
9331,7
14087,7
508,7
4131,7
9314,7
11524,7
260,7
1730,7
3873,7
5939,7
7913,7
9007,7
11680,7
12220,7
1241,7
8213,7
9586,7
9972,7
10042,7
6862,7
9961,7
10552,7
13217,7
2934,7
3455,7
3808,7
5726,7
7153,7
8497,7
9770,7
12338,7
4984,7
5351,7
9777,7
12040,7
965,7
1264,7
3643,7
3785,7
8156,7
2538,7
4640,7
5159,7
5295,7
6114,7
7308,7
11930,7
13560,7
13808,7
2617,7
2731,7
3146,7
4057,7
5793,7
8403,7
9392,7
11914,7
1433,7
5141,7
6889,7
7959,7
9818,7
1328,7
8944,7
12747,7
2605,7
9430,7
9651,7
1691,7
2115,7
2938,7
4886,7
6049,7
7167,7
7457,7
7469,7
7575,7
9136,7
11355,7
529,7
1964,7
4414,7
4702,7
4783,7
5215,7
9228,7
1508,7
1981,7
3321,7
4236,7
4724,7
13541,7
13607,7
13894,7
2137,7
3289,7
4129,7
4146,7
1879,7
2818,7
5584,7
9912,7
11787,7
13862,7
99,7
3515,7
4141,7
4636,7
4860,7
5268,7
7983,7
12590,7
2543,7
5364,7
8739,7
9773,7
9984,7
10373,7
10670,7
11021,7
5041,7
8585,7
9616,7
9618,7
11704,7
11723,7
11837,7
1101,7
2504,7
2813,7
7829,7
10060,7
10944,7
11972,7
873,7
2248,7
3159,7
9713,7
10288,7
10500,7
10991,7
11417,7
1535,7
4701,7
7537,7
9240,7
11788,7
1178,7
1481,7
1674,7
3524,7
8485,7
8879,7
12188,7
1429,7
5250,7
5616,7
7527,7
10437,7
10809,7
12159,7
1067,7
2639,7
4303,7
5690,7
420,7
1109,7
1278,7
1962,7
2963,7
4598,7
4982,7
8072,7
8843,7
12255,7
927,7
3308,7
4621,7
6885,7
8214,7
8420,7
9457,7
12813,7
1044,7
1719,7
2507,7
4795,7
7196,7
9795,7
11552,7
11758,7
12021,7
934,7
1117,7
1258,7
7869,7
8948,7
10887,7
13203,7
1803,7
3596,7
5809,7
6413,7
6590,7
6790,7
7609,7
11267,7
11827,7
12074,7
13276,7
13851,7
991,7
2110,7
2182,7
2417,7
6908,7
8317,7
11434,7
13628,7
4106,7
5403,7
6524,7
9277,7
9908,7
10420,7
12840,7
13557,7
963,7
1009,7
1107,7
2690,7
3782,7
6542,7
6804,7
12771,7
3444,7
7797,7
2376,7
2555,7
2706,7
5836,7
6303,7
6306,7
1088,6
3918,6
5156,6
7340,6
8592,6
10206,6
1460,6
1721,6
1896,6
11316,6
13261,6
1339,6
9454,6
10862,6
3098,6
4078,6
4684,6
5155,6
5308,6
6361,6
7066,6
7910,6
8650,6
13898,6
4000,6
4383,6
5697,6
6154,6
7576,6
10032,6
10395,6
13329,6
2027,6
5847,6
6722,6
7892,6
9914,6
1787,6
8482,6
322,6
4531,6
5211,6
6911,6
8145,6
9018,6
9258,6
5934,6
6145,6
12085,6
12436,6
593,6
1653,6
3601,6
5916,6
6732,6
9435,6
9640,6
10162,6
1068,6
1344,6
4132,6
8464,6
9209,6
4865,6
5597,6
5918,6
10018,6
10626,6
11119,6
13830,6
14044,6
830,6
2007,6
3538,6
3611,6
3936,6
6460,6
6664,6
6741,6
7604,6
8001,6
8243,6
1426,6
3445,6
3685,6
4918,6
5152,6
5961,6
7188,6
7325,6
8116,6
8999,6
9384,6
10502,6
10979,6
4230,6
8123,6
406,6
1156,6
5337,6
5895,6
11694,6
731,6
4858,6
5028,6
5854,6
8210,6
11081,6
12868,6
3127,6
3166,6
3725,6
5006,6
5505,6
5756,6
7242,6
8902,6
10445,6
13416,6
577,6
3211,6
6488,6
9890,6
12893,6
2750,6
4408,6
5647,6
9027,6
9270,6
10565,6
3669,6
3922,6
5852,6
6831,6
7962,6
8312,6
9489,6
10184,6
11456,6
12806,6
13685,6
1280,6
1689,6
1771,6
2076,6
2601,6
6528,6
7516,6
7788,6
9286,6
11162,6
2062,6
3972,6
11308,6
12310,6
336,6
2236,6
3741,6
4305,6
4874,6
6267,6
9426,6
9523,6
9966,6
10539,6
11249,6
12543,6
3990,6
5307,6
6538,6
8239,6
8693,6
388,6
3621,6
4591,6
7504,6
9677,6
9689,6
9915,6
12232,6
1777,6
4014,6
5333,6
5370,6
6746,6
9474,6
9734,6
1925,6
2255,6
2772,6
4994,6
7699,6
7823,6
9393,6
9456,6
9629,6
9783,6
11350,6
1249,6
3654,6
5932,6
8220,6
8786,6
10165,6
13219,6
1065,6
6891,6
7080,6
7198,6
7266,6
8846,6
9611,6
10469,6
493,6
686,6
8762,6
9009,6
10358,6
10668,6
93,6
190,6
4726,6
5828,6
7454,6
8811,6
11615,6
4455,6
4882,6
9231,6
9642,6
11311,6
1197,6
1729,6
2404,6
3132,6
4018,6
5442,6
7758,6
10779,6
12519,6
1944,6
2549,6
3567,6
4642,6
4851,6
8152,6
8328,6
9548,6
9702,6
10240,6
14077,6
2398,6
3904,6
7701,6
8516,6
10079,6
11469,6
444,6
1206,6
2582,6
4246,6
6076,6
6116,6
7696,6
9507,6
10421,6
1694,6
3155,6
7361,6
11408,6
12473,6
2647,6
7236,6
7748,6
473,6
581,6
748,6
912,6
5947,6
7861,6
12316,6
4428,6
4898,6
5624,6
10869,6
12704,6
1773,6
3449,6
7723,6
10025,6
206,6
2957,6
4041,6
5763,6
8982,6
9471,6
12565,6
3570,6
5496,6
5950,6
9234,6
9624,6
1047,6
4979,6
5336,6
6786,6
7230,6
7802,6
8699,6
9983,6
10318,6
1878,6
2363,6
3111,6
3987,6
6508,6
10054,6
699,6
7855,6
10112,6
10663,6
12780,6
1663,6
2383,6
3231,6
5193,6
6578,6
9317,6
5343,6
8492,6
9230,6
11030,6
2520,6
5001,6
8185,6
8338,6
9801,6
9945,6
10396,6
10746,6
11553,6
13264,6
13314,6
2422,6
2481,6
2597,6
3340,6
3602,6
4738,6
5230,6
8546,6
11347,6
13630,6
308,6
3557,6
3659,6
6416,6
20,6
1997,6
2161,6
3167,6
3925,6
4347,6
5520,6
8108,6
8217,6
8225,6
9086,6
9981,6
11557,6
1171,6
5914,6
5971,6
6781,6
8551,6
359,6
6268,6
7470,6
7490,6
9040,6
13654,6
1245,6
4279,6
4314,6
6171,6
6452,6
6963,6
8903,6
13556,6
1455,6
3863,6
5937,6
6595,6
9079,6
11048,6
14008,6
57,6
3699,6
6002,6
6328,6
6734,6
7028,6
8807,6
9121,6
9854,6
11662,6
13791,6
647,6
2782,6
5948,6
7523,6
9444,6
10423,6
983,6
3388,6
8588,6
9333,6
10378,6
12112,6
559,6
2232,6
3827,6
7101,6
7794,6
9622,6
10297,6
11919,6
634,6
646,6
2245,6
3726,6
3833,6
6199,6
7362,6
7524,6
10117,6
10557,6
10698,6
11765,6
12230,6
12452,6
13579,6
545,6
3084,6
4043,6
5147,6
8039,6
9131,6
3075,6
3663,6
6325,6
7672,6
8044,6
9313,6
9903,6
1811,6
2203,6
6193,6
9191,6
9290,6
12515,6
7914,6
10313,6
2072,6
2499,6
5736,6
9711,6
11373,6
1642,6
5488,6
9015,6
9690,6
10742,6
754,6
2652,6
4295,6
4320,6
6700,6
7165,6
7396,6
7420,6
9327,6
13619,6
13948,6
2785,6
3584,6
6149,6
7401,6
7798,6
8524,6
8844,6
8894,6
9275,6
10754,6
8140,6
11354,6
12262,6
1843,6
5579,6
8393,6
10498,6
13378,6
579,6
1299,6
2984,6
4465,6
5610,6
5713,6
504,6
1973,6
2286,6
7127,6
7926,6
8870,6
12775,6
931,6
3341,6
3675,6
3943,6
5265,6
6822,6
7291,6
8203,6
1035,6
3522,6
6921,6
8135,6
10107,6
3434,6
3686,6
8591,6
10940,6
929,6
4638,6
7606,6
8279,6
8798,6
9628,6
1045,6
3898,6
6042,6
7641,6
8083,6
8504,6
8954,6
9832,6
327,6
615,6
1732,6
1894,6
2257,6
5619,6
7093,6
7174,6
12482,6
775,6
9692,6
13510,6
13562,6
3664,6
8221,6
10665,6
10706,6
12512,6
12544,6
13553,6
13680,6
1073,6
2413,6
4648,6
5727,6
11148,6
4281,6
6314,6
7083,6
7886,6
9034,6
8267,6
11179,6
903,6
1949,6
3334,6
4884,6
6051,6
7170,6
8839,6
9921,6
10526,6
12697,6
462,6
547,6
2275,6
4907,6
1641,6
3671,6
3981,6
4743,6
6009,6
7107,6
9765,6
9,6
552,6
1520,6
1991,6
2777,6
3687,6
3952,6
4127,6
5137,6
8269,6
9130,6
1706,6
2770,6
3619,6
4940,6
5680,6
6703,6
10425,6
13405,6
2598,6
3620,6
6534,6
10012,6
11407,6
423,6
2271,6
8907,6
12041,6
498,6
1121,6
3897,6
5969,6
6573,6
7640,6
9638,6
11760,6
503,6
1589,6
2080,6
6218,6
7816,6
9733,6
1059,6
3201,6
3511,6
3962,6
4274,6
5331,6
5972,6
7352,6
12231,6
12787,6
13233,6
13695,6
2297,6
2442,6
3588,6
6055,6
6539,6
7923,6
12539,6
14039,6
2135,6
3129,6
4950,6
9602,6
12069,6
14059,6
217,6
3971,6
4345,6
7344,6
8330,6
8703,6
10448,6
10724,6
10958,6
12228,6
823,6
7227,6
7268,6
8300,6
9107,6
10167,6
10393,6
278,6
301,6
2929,6
2991,6
3660,6
5127,6
6642,6
9792,6
3830,6
4721,6
5363,6
5511,6
6343,6
10850,6
495,6
4254,6
6212,6
10477,6
12031,6
12100,6
1256,6
1397,6
1943,6
1989,6
3128,6
9303,6
9868,6
11372,6
12197,6
12311,6
1022,6
1685,6
4105,6
4560,6
4939,6
5064,6
7462,6
520,6
3800,6
5023,6
5425,6
10473,6
11683,6
2436,6
7763,6
8847,6
1795,6
2918,6
8861,6
720,6
1358,6
2104,6
9156,6
10619,6
11256,6
11832,6
13957,6
824,6
1810,6
2083,6
2147,6
4271,6
5065,6
5218,6
5679,6
7105,6
12064,6
1233,6
2807,6
4427,6
5780,6
6346,6
7186,6
7909,6
12152,6
12540,6
13663,6
2429,6
3454,6
5976,6
8383,6
12545,6
13391,6
277,6
1963,6
4787,6
12072,6
821,6
1313,6
1887,6
3763,6
4436,6
4780,6
6168,6
9648,6
11155,6
11554,6
11676,6
13204,6
13606,6
13896,6
1200,6
2590,6
2751,6
4180,6
5053,6
5718,6
7431,6
7442,6
11973,6
13525,6
533,6
693,6
1006,6
1607,6
2328,6
3656,6
3840,6
3933,6
8228,6
9070,6
9461,6
12299,6
1714,6
3866,6
6869,6
10224,6
11228,6
2853,6
4661,6
9128,6
13683,6
395,6
3639,6
4752,6
4894,6
5898,6
6576,6
7694,6
7841,6
7899,6
13218,6
13561,6
5853,6
5915,6
10453,6
102,6
1459,6
11529,6
12119,6
13041,6
1502,6
2229,6
2641,6
3860,6
6730,6
7755,6
50,6
750,6
2431,6
4635,6
6184,6
7391,6
10794,6
817,6
4340,6
4947,6
6861,6
1442,6
3724,6
6206,6
9013,6
9019,6
10080,6
10408,6
10927,6
11420,6
11605,6
11922,6
12351,6
12537,6
1667,6
4652,6
5284,6
6187,6
8181,6
11895,6
2952,6
9962,6
11544,6
13871,6
3692,6
4586,6
4879,6
7485,6
8110,6
9685,6
12614,6
576,6
2055,6
3480,6
3760,6
5280,6
8111,6
9486,6
9913,6
10382,6
11394,6
5497,6
6867,6
7486,6
8174,6
8946,6
9145,6
9440,6
11592,6
12051,6
9196,6
9693,6
10327,6
14023,6
9222,6
12411,6
645,6
8369,6
11938,6
13618,6
1071,6
1501,6
3365,6
3882,6
7013,6
8033,6
11535,6
12283,6
1897,6
2234,6
4970,6
5177,6
12856,6
2075,6
3265,6
3678,6
4432,6
4767,6
5904,6
4998,6
5259,6
7512,6
8745,6
13937,6
1679,6
2207,6
4686,6
4951,6
6577,6
10320,6
10404,6
10444,6
10965,6
11987,6
12052,6
4187,6
4825,6
5857,6
6000,6
9774,6
10066,6
10880,6
10920,6
11077,6
11843,6
1038,6
3288,6
9949,6
10771,6
12049,6
2291,6
2749,6
6757,6
9970,6
10244,6
2636,6
4566,6
4678,6
4691,6
5185,6
8038,6
8188,6
9449,6
11265,6
13336,6
323,6
1552,6
3872,6
7808,6
8175,6
12053,6
12083,6
12844,6
2943,6
4117,6
6944,6
7630,6
10674,6
12071,6
1185,6
6229,6
8361,6
11140,6
287,6
345,6
1792,6
10712,6
1920,6
3877,6
4535,6
6979,6
8031,6
8926,6
9215,6
12380,6
12764,6
12800,6
13693,6
809,6
2389,6
3384,6
6796,6
8778,6
9319,6
12517,6
12730,6
32,6
622,6
5310,6
5773,6
6259,6
8856,6
8922,6
9705,6
10622,6
10704,6
11515,6
12810,6
621,6
786,6
1282,6
2195,6
6817,6
8814,6
10592,6
11017,6
13270,6
13522,6
457,6
835,6
1237,6
1895,6
3788,6
6834,6
7453,6
10314,6
10568,6
341,6
608,6
1915,6
2154,6
1043,6
8157,6
376,6
3487,6
6844,6
9497,6
9581,6
11565,6
56,6
3247,6
9918,6
10971,6
12794,6
1585,6
5104,6
5528,6
6321,6
6838,6
4284,6
5587,6
6872,6
8136,6
1953,6
5229,6
7495,6
11173,6
612,6
4785,6
4789,6
5951,6
8772,6
8953,6
10299,6
10413,6
10428,6
1744,6
4257,6
8164,6
12883,6
13671,6
13989,6
2293,6
11886,6
4486,6
7312,6
9891,6
10418,6
13658,6
150,6
825,6
1129,6
2953,6
3418,6
5654,6
9075,6
14022,6
3358,6
5732,6
6023,6
7598,6
8898,6
11312,6
12061,6
12653,6
2353,6
6022,6
9910,6
10596,6
3604,6
4949,6
5098,6
6830,6
13540,6
317,6
1430,6
5394,6
5902,6
8968,6
9710,6
10516,6
11403,6
7439,6
10645,6
11381,6
11395,6
12070,6
12604,6
3100,6
3191,6
3360,6
4175,6
5712,6
8370,6
8797,6
10173,6
10277,6
11398,6
2222,6
3822,6
6489,6
6556,6
11379,6
12897,6
902,6
1606,6
4934,6
7085,6
7882,6
10335,6
13536,6
506,6
2308,6
4509,6
7514,6
9826,6
9876,6
778,6
2897,6
3556,6
4901,6
5239,6
7179,6
10256,6
11233,6
2166,6
2624,6
3917,6
3988,6
6516,6
8444,6
10274,6
1557,6
6530,6
6926,6
7752,6
12547,6
294,6
8806,6
10250,6
10590,6
11530,6
12200,6
722,6
2925,6
4679,6
7734,6
9102,6
10175,6
5270,6
9916,6
11769,6
12135,6
2406,6
2557,6
11331,6
11993,6
12019,6
14092,6
3048,6
4218,6
5906,6
5973,6
6399,6
8380,6
10219,6
12185,6
652,6
2696,6
3895,6
8224,6
9365,6
10726,6
13876,6
66,6
4079,6
5164,6
6611,6
6888,6
11583,6
14055,6
46,6
67,6
4719,6
7946,6
9496,6
9563,6
9889,6
10970,6
13609,6
11080,6
13277,6
2017,6
2063,6
2448,6
2456,6
2621,6
3134,6
8315,6
9525,6
9865,6
11797,6
13640,6
3809,6
8265,6
9877,6
11255,6
13265,6
1891,6
13472,6
13530,6
1630,6
1676,6
2913,6
5685,6
7141,6
10624,6
11100,6
5441,6
8597,6
8618,6
8710,6
9382,6
9529,6
11064,6
11855,6
12105,6
12164,6
2658,6
5169,6
5994,6
6133,6
8259,6
8433,6
8897,6
12376,6
13404,6
3148,6
3874,6
7858,6
8796,6
10581,6
12177,6
12448,6
13129,6
3729,6
4196,6
10836,6
11794,6
13284,6
13613,6
483,6
643,6
3227,6
3470,6
3870,6
5802,6
7062,6
7917,6
8502,6
5566,6
5901,6
9082,6
12250,6
12437,6
13874,6
788,6
6484,6
6599,6
12773,6
13637,6
1387,6
2021,6
5289,6
11018,6
2208,6
7624,6
8282,6
9671,6
6634,6
11442,6
11817,6
12160,6
2142,5
4101,5
7253,5
7554,5
11033,5
13285,5
13840,5
623,5
737,5
1084,5
1483,5
1522,5
3179,5
4219,5
7168,5
8928,5
9182,5
9879,5
10914,5
12006,5
14075,5
1139,5
2711,5
2821,5
5287,5
7387,5
8407,5
8924,5
2721,5
3796,5
5223,5
6597,5
7644,5
9946,5
10468,5
458,5
879,5
2833,5
3425,5
6962,5
7333,5
8577,5
8678,5
8716,5
10788,5
13398,5
14770,5
53,5
3042,5
6552,5
7567,5
9675,5
10257,5
472,5
2542,5
3306,5
4799,5
4838,5
5178,5
8409,5
8857,5
9338,5
2396,5
4697,5
6082,5
10143,5
12559,5
14771,5
673,5
1533,5
2564,5
4126,5
7817,5
12401,5
597,5
2835,5
3441,5
4474,5
6689,5
3661,5
3843,5
5827,5
6213,5
7218,5
7865,5
11121,5
12182,5
12384,5
193,5
2225,5
4172,5
7103,5
8396,5
8429,5
11057,5
11578,5
11835,5
11909,5
12080,5
12782,5
101,5
1165,5
2003,5
2342,5
4992,5
8442,5
8536,5
12362,5
13745,5
14703,5
4169,5
4637,5
5585,5
7649,5
8654,5
9293,5
10994,5
4208,5
5936,5
7460,5
7599,5
10295,5
13195,5
14056,5
14733,5
1274,5
1510,5
4829,5
6068,5
7147,5
7531,5
8410,5
10506,5
2349,5
5552,5
6152,5
6695,5
7184,5
8126,5
1307,5
1574,5
4229,5
7237,5
9387,5
9669,5
10177,5
12859,5
13847,5
723,5
914,5
1372,5
3264,5
4197,5
4256,5
5965,5
9551,5
10739,5
14720,5
3411,5
5066,5
8962,5
9318,5
11675,5
12385,5
2189,5
4830,5
5024,5
9615,5
12404,5
12504,5
159,5
3017,5
3287,5
6509,5
9482,5
10487,5
10529,5
11801,5
13372,5
1210,5
4779,5
5892,5
9016,5
9096,5
10252,5
12148,5
236,5
329,5
1056,5
2069,5
4286,5
15188,5
1093,5
3196,5
4144,5
5087,5
7786,5
12137,5
12466,5
13694,5
1838,5
5003,5
9235,5
4617,5
7583,5
12162,5
3711,5
4653,5
6495,5
6880,5
7197,5
8825,5
9226,5
9657,5
10082,5
12000,5
13297,5
2113,5
4457,5
9391,5
9468,5
11982,5
12158,5
1565,5
4720,5
4837,5
6422,5
7873,5
9078,5
9413,5
604,5
1125,5
1550,5
4403,5
4429,5
6887,5
7683,5
7787,5
8917,5
9451,5
9592,5
11906,5
12712,5
13228,5
3728,5
4521,5
5660,5
7159,5
11566,5
11690,5
3482,5
5099,5
6090,5
6924,5
7123,5
8526,5
12589,5
13734,5
346,5
476,5
2609,5
2757,5
2791,5
5678,5
5786,5
9138,5
9847,5
12193,5
654,5
4277,5
12875,5
2051,5
4076,5
8480,5
11519,5
12035,5
12526,5
13643,5
665,5
671,5
1114,5
3857,5
4604,5
6125,5
9782,5
12431,5
12432,5
13552,5
14095,5
1786,5
4185,5
6480,5
7488,5
8029,5
11335,5
15186,5
7001,5
8893,5
10311,5
10586,5
10774,5
11330,5
13093,5
2796,5
3121,5
4987,5
6618,5
9654,5
9678,5
11766,5
12440,5
12667,5
13868,5
1488,5
4472,5
6366,5
9291,5
11391,5
1802,5
6177,5
7887,5
10514,5
12414,5
1,5
3452,5
4931,5
5192,5
8587,5
8943,5
10666,5
52,5
1485,5
3060,5
4312,5
4466,5
5791,5
6362,5
8191,5
9076,5
10485,5
10900,5
11271,5
11404,5
992,5
1546,5
5341,5
8785,5
9279,5
12062,5
3210,5
3446,5
11674,5
11793,5
2059,5
2380,5
6194,5
13119,5
13247,5
2318,5
3022,5
4297,5
7285,5
7857,5
7974,5
10918,5
12078,5
12097,5
12576,5
5967,5
8009,5
10562,5
2470,5
4966,5
5234,5
6694,5
7402,5
8226,5
10338,5
11743,5
11750,5
5004,5
5056,5
8818,5
9154,5
11709,5
12015,5
12549,5
12850,5
2831,5
5790,5
5862,5
5983,5
6840,5
8784,5
8800,5
10364,5
13542,5
3708,5
8708,5
9698,5
11532,5
12880,5
13384,5
3764,5
5445,5
7128,5
9631,5
10347,5
10643,5
11484,5
14070,5
1144,5
5247,5
5461,5
10036,5
2695,5
3439,5
4510,5
7705,5
7968,5
11900,5
13514,5
15113,5
7411,5
8055,5
8453,5
9483,5
10000,5
12424,5
5492,5
6091,5
7980,5
9272,5
11637,5
13094,5
3932,5
4781,5
5274,5
9846,5
9886,5
11504,5
14746,5
676,5
6302,5
8992,5
10926,5
12801,5
13407,5
120,5
5225,5
7449,5
9902,5
11364,5
11399,5
13616,5
1665,5
5103,5
6182,5
6370,5
9748,5
10571,5
11045,5
11779,5
12350,5
1435,5
1551,5
1605,5
3034,5
4839,5
8092,5
9895,5
11206,5
4024,5
5890,5
7528,5
12598,5
14786,5
1835,5
2602,5
6252,5
8034,5
10751,5
11851,5
1407,5
6155,5
9292,5
9436,5
11752,5
13807,5
279,5
9853,5
10841,5
12229,5
3257,5
3655,5
4506,5
6839,5
8490,5
8507,5
9060,5
9630,5
11269,5
12013,5
1856,5
2742,5
4962,5
7181,5
7722,5
8477,5
9140,5
11070,5
11412,5
11990,5
13442,5
542,5
1541,5
2664,5
6401,5
7029,5
8901,5
10417,5
11283,5
11986,5
1227,5
9596,5
9745,5
10438,5
13869,5
641,5
1841,5
3097,5
4262,5
5751,5
9343,5
11518,5
11545,5
227,5
2891,5
5580,5
5656,5
7465,5
13714,5
764,5
3281,5
4134,5
6367,5
6568,5
7247,5
9768,5
2041,5
7366,5
12297,5
1529,5
2810,5
6776,5
7014,5
8921,5
1861,5
2420,5
4015,5
4629,5
12243,5
12446,5
2385,5
3824,5
5220,5
5576,5
7693,5
8509,5
3086,5
4741,5
7368,5
10099,5
15112,5
563,5
5316,5
5329,5
9739,5
11130,5
13897,5
2428,5
2764,5
4595,5
12109,5
1286,5
9322,5
10029,5
862,5
4864,5
7428,5
9963,5
11536,5
14777,5
2267,5
4658,5
5146,5
9784,5
10098,5
12095,5
12364,5
12648,5
819,5
4948,5
9295,5
10194,5
88,5
5632,5
7204,5
7614,5
8715,5
9958,5
10647,5
1124,5
1271,5
2060,5
4809,5
5191,5
6277,5
11869,5
12987,5
6029,5
6240,5
10772,5
3047,5
11821,5
13843,5
609,5
1720,5
5715,5
6841,5
9316,5
10475,5
4571,5
5945,5
7552,5
8533,5
12573,5
1017,5
5515,5
5664,5
5772,5
6106,5
6561,5
8075,5
8296,5
9216,5
10451,5
11590,5
12281,5
13719,5
3408,5
10743,5
11363,5
13380,5
4447,5
6784,5
10687,5
11991,5
13007,5
1072,5
1815,5
2324,5
3900,5
6332,5
8855,5
8966,5
9432,5
10141,5
1379,5
1536,5
3139,5
4577,5
5032,5
7665,5
12163,5
13238,5
1513,5
1814,5
2099,5
4133,5
4223,5
5704,5
5814,5
7995,5
8651,5
9315,5
10956,5
11199,5
12022,5
12633,5
196,5
7086,5
8598,5
9119,5
9604,5
10625,5
11152,5
11567,5
11588,5
11597,5
12493,5
884,5
948,5
1560,5
1657,5
3422,5
4495,5
6309,5
9431,5
11094,5
11561,5
13438,5
307,5
766,5
5938,5
6454,5
6551,5
7303,5
8292,5
9811,5
12581,5
13364,5
7030,5
7961,5
8738,5
8916,5
8940,5
9850,5
9938,5
11189,5
11509,5
12363,5
445,5
4592,5
5608,5
6137,5
6348,5
9859,5
10154,5
12198,5
4248,5
8866,5
8931,5
555,5
1279,5
3479,5
9221,5
1060,5
2933,5
5603,5
10255,5
11007,5
14768,5
49,5
1116,5
1717,5
3373,5
4252,5
5076,5
5808,5
9836,5
11145,5
11856,5
14071,5
514,5
1494,5
2034,5
2756,5
4909,5
7561,5
9329,5
11038,5
14705,5
2704,5
6035,5
6402,5
8454,5
8874,5
9743,5
12076,5
4892,5
7378,5
11667,5
13610,5
1236,5
1661,5
2940,5
3158,5
3543,5
5627,5
6162,5
9368,5
11776,5
1716,5
3765,5
8788,5
10077,5
10340,5
14021,5
14726,5
1305,5
2814,5
3516,5
5050,5
8323,5
3821,5
8430,5
1840,5
5899,5
9872,5
9939,5
15160,5
1412,5
3718,5
6189,5
6331,5
10072,5
10471,5
12392,5
12887,5
15158,5
1876,5
7639,5
11069,5
11502,5
2966,5
5092,5
5885,5
6018,5
7279,5
11940,5
13776,5
2020,5
3537,5
3799,5
6231,5
9374,5
10402,5
12068,5
12098,5
12334,5
2587,5
3598,5
5913,5
7492,5
7976,5
11032,5
11085,5
12002,5
12149,5
12505,5
982,5
4224,5
4599,5
5985,5
8400,5
8923,5
10073,5
10662,5
14074,5
509,5
907,5
1625,5
2172,5
3633,5
3771,5
4714,5
6493,5
8120,5
9883,5
10405,5
10553,5
12434,5
13159,5
13750,5
1007,5
1098,5
1346,5
4245,5
5781,5
6411,5
11546,5
658,5
1354,5
1765,5
4964,5
8860,5
10199,5
10528,5
12302,5
3168,5
7920,5
13121,5
13853,5
527,5
3682,5
5988,5
10356,5
12171,5
13160,5
13741,5
3190,5
5172,5
6150,5
8635,5
9887,5
11279,5
13208,5
759,5
3182,5
3646,5
6763,5
7002,5
7069,5
9213,5
9511,5
11022,5
11088,5
13863,5
1809,5
3393,5
6977,5
7958,5
8143,5
9005,5
9041,5
10710,5
11362,5
12569,5
14701,5
6991,5
11725,5
1049,5
6613,5
8937,5
9036,5
12305,5
15135,5
15153,5
3185,5
8791,5
13788,5
13870,5
73,5
591,5
4217,5
5020,5
7637,5
9837,5
12774,5
13394,5
1492,5
1941,5
5323,5
5794,5
6129,5
9800,5
12133,5
160,5
1103,5
4891,5
4915,5
5629,5
6232,5
6263,5
8056,5
10960,5
11266,5
13647,5
408,5
921,5
1003,5
3096,5
5128,5
5273,5
6287,5
6644,5
6957,5
7332,5
7548,5
10938,5
125,5
3514,5
3580,5
3909,5
4880,5
6494,5
10474,5
10770,5
12397,5
12492,5
156,5
4747,5
4938,5
7569,5
8725,5
10279,5
10584,5
12369,5
12672,5
13171,5
1336,5
3828,5
5253,5
7673,5
9682,5
9830,5
11012,5
11019,5
11712,5
13580,5
15121,5
15122,5
2133,5
4493,5
5045,5
7826,5
9085,5
9263,5
11104,5
14718,5
2541,5
3136,5
7771,5
9605,5
9975,5
10601,5
10763,5
12454,5
14078,5
15126,5
5181,5
6875,5
9003,5
10818,5
11329,5
5830,5
6845,5
7017,5
7358,5
10441,5
11366,5
13246,5
8555,5
9544,5
9561,5
12058,5
14750,5
492,5
2449,5
3063,5
5292,5
5637,5
7036,5
10450,5
11040,5
11791,5
13174,5
4582,5
6109,5
6922,5
7610,5
10214,5
11079,5
11510,5
1168,5
3954,5
6292,5
8571,5
11427,5
12811,5
790,5
2327,5
2744,5
9337,5
9408,5
10384,5
11783,5
11910,5
12010,5
5454,5
7394,5
7547,5
8854,5
8873,5
11806,5
11830,5
12443,5
1937,5
3237,5
4835,5
6409,5
6648,5
6808,5
8236,5
8669,5
11563,5
6909,5
14093,5
221,5
2421,5
5279,5
6356,5
8525,5
9802,5
9881,5
12294,5
13201,5
13592,5
7079,5
11870,5
13385,5
1440,5
5534,5
6021,5
6079,5
6894,5
8978,5
11958,5
1707,5
3594,5
3614,5
4458,5
4975,5
5739,5
7828,5
9572,5
9617,5
12403,5
1040,5
2093,5
6228,5
7702,5
7717,5
10226,5
14781,5
228,5
655,5
2506,5
6062,5
7619,5
8841,5
9412,5
10231,5
10466,5
11102,5
11245,5
12128,5
12458,5
12657,5
1408,5
3432,5
6497,5
6566,5
8285,5
8357,5
10050,5
10198,5
10621,5
11042,5
11525,5
354,5
5729,5
7521,5
9022,5
12483,5
2908,5
4801,5
6044,5
9148,5
11086,5
14731,5
2103,5
7339,5
7407,5
8404,5
11842,5
2916,5
5236,5
5349,5
6038,5
6073,5
10630,5
575,5
3550,5
5299,5
6132,5
6324,5
6420,5
8470,5
11728,5
12878,5
541,5
1821,5
6202,5
7631,5
9718,5
10372,5
10521,5
11721,5
12060,5
5070,5
7977,5
9838,5
12387,5
561,5
4201,5
6191,5
13137,5
5026,5
5379,5
7329,5
10987,5
12047,5
12352,5
7371,5
9577,5
2388,5
11474,5
11799,5
971,5
1018,5
1448,5
2179,5
4813,5
5297,5
6666,5
6955,5
9377,5
9810,5
11733,5
12361,5
4434,5
7557,5
10992,5
11336,5
13258,5
14053,5
1567,5
3881,5
5293,5
5986,5
9243,5
9823,5
11053,5
11629,5
13304,5
2005,5
10609,5
11083,5
12377,5
14797,5
765,5
1262,5
2266,5
3447,5
4920,5
5703,5
5820,5
6371,5
6868,5
9398,5
13603,5
5512,5
7435,5
8168,5
8343,5
1092,5
1763,5
6355,5
8582,5
12412,5
357,5
3732,5
5987,5
6596,5
7356,5
7496,5
8097,5
8942,5
9171,5
10298,5
11338,5
11737,5
12477,5
14091,5
118,5
1373,5
1571,5
5208,5
8972,5
9100,5
10386,5
13280,5
7863,5
9863,5
9990,5
12498,5
14741,5
2883,5
3225,5
7162,5
9080,5
9428,5
9808,5
10436,5
11695,5
11795,5
12151,5
13520,5
985,5
9032,5
12317,5
13400,5
1090,5
2566,5
4996,5
9112,5
10819,5
12181,5
12372,5
12468,5
1764,5
4730,5
5256,5
5865,5
7410,5
7464,5
9266,5
12809,5
8859,5
12898,5
1534,5
2997,5
7592,5
9438,5
10968,5
11613,5
6673,5
9244,5
10038,5
10513,5
12018,5
2799,5
3156,5
5296,5
7843,5
8382,5
9870,5
3055,5
6972,5
7364,5
9897,5
10076,5
11157,5
11813,5
12413,5
2289,5
2340,5
3221,5
8362,5
10156,5
12438,5
4602,5
4986,5
6058,5
6916,5
11093,5
11716,5
11899,5
12121,5
3705,5
3853,5
9453,5
13487,5
1292,5
1361,5
3831,5
7390,5
8918,5
74,5
2377,5
5034,5
8599,5
12206,5
656,5
1416,5
6485,5
10827,5
12476,5
1857,5
4367,5
5083,5
5107,5
6428,5
10488,5
2643,5
2730,5
7885,5
7888,5
8345,5
10691,5
7762,5
8437,5
9348,5
9509,5
10262,5
12785,5
13817,5
14100,5
208,5
3846,5
4618,5
5133,5
5745,5
11205,5
422,5
3668,5
3836,5
5125,5
5391,5
6078,5
6153,5
6477,5
8054,5
463,4
7240,4
8389,4
11141,4
12799,4
13289,4
5614,4
8932,4
10230,4
10462,4
3000,4
6266,4
6482,4
13009,4
13483,4
13648,4
14714,4
15173,4
251,4
2525,4
2923,4
3986,4
4937,4
6598,4
8911,4
10768,4
11146,4
11713,4
2096,4
2924,4
5433,4
6301,4
8665,4
9153,4
10527,4
10567,4
10815,4
13504,4
13795,4
14713,4
14752,4
14779,4
4477,4
9575,4
13468,4
15070,4
15146,4
133,4
1718,4
5670,4
5929,4
6376,4
8950,4
10013,4
11550,4
12717,4
78,4
3577,4
6142,4
8627,4
10443,4
10558,4
14760,4
4259,4
4725,4
6237,4
1199,4
1743,4
4923,4
5298,4
6157,4
7092,4
11452,4
12008,4
13046,4
13494,4
108,4
1331,4
2739,4
4452,4
4773,4
6754,4
7202,4
7481,4
8935,4
13751,4
14064,4
530,4
2663,4
3235,4
6005,4
8011,4
9641,4
12494,4
14715,4
6419,4
8887,4
9957,4
11106,4
11174,4
15130,4
1226,4
3026,4
5151,4
5452,4
5785,4
8352,4
8681,4
11234,4
12447,4
436,4
1175,4
2209,4
4443,4
6319,4
8514,4
9207,4
9926,4
10011,4
10345,4
11103,4
11838,4
12030,4
12077,4
13045,4
13665,4
13775,4
14367,4
14642,4
14776,4
15096,4
596,4
762,4
1415,4
1621,4
2355,4
2583,4
3485,4
6667,4
7501,4
9081,4
10186,4
10680,4
11124,4
12948,4
13166,4
2682,4
2962,4
8915,4
9434,4
11125,4
1708,4
2015,4
2094,4
5663,4
5691,4
6288,4
9538,4
9909,4
12511,4
12705,4
15071,4
76,4
5562,4
5642,4
5651,4
8247,4
9771,4
10544,4
11170,4
11241,4
12555,4
14644,4
27,4
626,4
1634,4
3811,4
8303,4
8643,4
10228,4
12087,4
12271,4
13038,4
3072,4
5258,4
7895,4
8997,4
10210,4
11426,4
11777,4
12103,4
14096,4
1875,4
3744,4
3783,4
6167,4
7225,4
7257,4
7732,4
9716,4
11076,4
11165,4
2371,4
2809,4
3727,4
6949,4
7424,4
9378,4
11367,4
12235,4
12895,4
13426,4
1873,4
2198,4
2595,4
3258,4
4240,4
5891,4
7244,4
8022,4
8391,4
10800,4
11543,4
12023,4
12429,4
14317,4
2409,4
3207,4
7928,4
7940,4
7945,4
8198,4
11736,4
12761,4
3037,4
3500,4
4446,4
7055,4
8067,4
8287,4
10285,4
11151,4
11423,4
12564,4
14669,4
417,4
6852,4
7106,4
7856,4
8774,4
10913,4
13431,4
1564,4
8452,4
9236,4
12708,4
2237,4
2668,4
8155,4
8773,4
13399,4
1804,4
3673,4
7446,4
9674,4
11117,4
11531,4
12227,4
209,4
1469,4
2242,4
3200,4
4718,4
5302,4
6630,4
10084,4
11342,4
11849,4
12797,4
14051,4
14775,4
7033,4
7065,4
7081,4
11135,4
13275,4
13746,4
3884,4
7400,4
8872,4
9878,4
10982,4
12777,4
15061,4
539,4
725,4
5524,4
10495,4
14730,4
2896,4
3222,4
3495,4
3504,4
7241,4
8150,4
8498,4
11927,4
12583,4
13229,4
13279,4
13318,4
13406,4
5640,4
11824,4
12241,4
13015,4
1425,4
3498,4
4498,4
4698,4
9116,4
10236,4
10281,4
10889,4
13757,4
152,4
4733,4
5593,4
7119,4
7875,4
8207,4
10410,4
10664,4
11252,4
11781,4
12513,4
14681,4
747,4
1512,4
2045,4
7691,4
11707,4
11764,4
325,4
2483,4
3095,4
5285,4
7367,4
7519,4
7607,4
12045,4
12168,4
1170,4
1590,4
7228,4
7749,4
8523,4
11310,4
11805,4
13498,4
14757,4
5306,4
5879,4
7570,4
11196,4
12042,4
12123,4
12828,4
12834,4
13168,4
13397,4
13518,4
13689,4
14020,4
4102,4
6234,4
10792,4
11023,4
11585,4
12259,4
1516,4
777,4
5968,4
6318,4
6457,4
7078,4
8176,4
12853,4
13887,4
1190,4
2603,4
6227,4
6837,4
7769,4
9283,4
11773,4
2698,4
3058,4
4325,4
4680,4
4775,4
5000,4
5114,4
6223,4
10187,4
10556,4
10948,4
12025,4
13533,4
4757,4
5144,4
5621,4
7008,4
10639,4
11644,4
11892,4
13424,4
13702,4
13,4
734,4
2956,4
7084,4
8043,4
9328,4
9719,4
9907,4
10019,4
16,4
5281,4
5398,4
6244,4
6755,4
7572,4
11947,4
14003,4
168,4
5382,4
6359,4
9298,4
9306,4
12644,4
13154,4
3,4
1749,4
1834,4
2877,4
4588,4
4806,4
6826,4
7226,4
11645,4
11744,4
11845,4
12409,4
1934,4
6334,4
7436,4
9099,4
10247,4
12356,4
12435,4
12481,4
13581,4
164,4
2577,4
4681,4
4729,4
7034,4
7791,4
7852,4
8578,4
8666,4
9411,4
11138,4
11722,4
13574,4
13586,4
13768,4
15114,4
1349,4
4905,4
5818,4
9923,4
10574,4
13597,4
13670,4
2808,4
4352,4
5444,4
6961,4
8032,4
8761,4
9090,4
11470,4
11549,4
881,4
4639,4
9574,4
10847,4
12651,4
13242,4
14025,4
14657,4
14793,4
4504,4
4615,4
8975,4
9273,4
9414,4
11580,4
11956,4
12562,4
2343,4
2885,4
5324,4
6779,4
7669,4
10579,4
11297,4
12012,4
13737,4
11054,4
11181,4
1069,4
1355,4
3996,4
7280,4
7301,4
8416,4
9896,4
3810,4
3856,4
4928,4
9008,4
14662,4
491,4
4425,4
14716,4
776,4
5638,4
9296,4
11390,4
13050,4
2535,4
8321,4
10339,4
10977,4
11108,4
11139,4
15115,4
6751,4
8012,4
8311,4
9349,4
9953,4
10101,4
11039,4
12290,4
6098,4
6386,4
11232,4
13417,4
709,4
1010,4
2252,4
4660,4
4703,4
5057,4
6710,4
7757,4
8829,4
8832,4
8876,4
10074,4
11804,4
12423,4
12538,4
12613,4
1748,4
3150,4
3750,4
4528,4
5826,4
5940,4
8491,4
11462,4
12495,4
19,4
2950,4
4608,4
5109,4
7248,4
8760,4
9301,4
10517,4
1807,4
6057,4
9012,4
10282,4
11740,4
13711,4
14724,4
2836,4
4405,4
6249,4
6581,4
7815,4
8161,4
9841,4
10363,4
10459,4
11002,4
12688,4
13856,4
15049,4
4419,4
6081,4
7891,4
8573,4
11652,4
1222,4
6406,4
11865,4
13206,4
13418,4
598,4
1166,4
2220,4
2627,4
13792,4
14725,4
5291,4
5428,4
6798,4
7072,4
7655,4
10292,4
4902,4
9352,4
11655,4
12357,4
845,4
1136,4
3789,4
6646,4
11875,4
5474,4
5675,4
6329,4
6772,4
7628,4
8865,4
9325,4
10367,4
11132,4
11411,4
14680,4
112,4
1750,4
4448,4
6279,4
6582,4
9423,4
12196,4
13886,4
849,4
2494,4
2794,4
3766,4
4885,4
8996,4
9350,4
9643,4
11082,4
12525,4
13800,4
14135,4
3074,4
4847,4
5088,4
8840,4
10822,4
12738,4
13558,4
9204,4
10618,4
11188,4
11191,4
13748,4
13939,4
189,4
3723,4
6550,4
6780,4
7012,4
7022,4
12028,4
13687,4
14791,4
37,4
3280,4
3717,4
4999,4
7621,4
9269,4
10225,4
12585,4
14042,4
14751,4
502,4
4518,4
5618,4
13732,4
14014,4
14067,4
1725,4
4808,4
5548,4
7907,4
10472,4
10906,4
10925,4
14780,4
3797,4
5397,4
6358,4
7423,4
7648,4
8058,4
13499,4
13700,4
13857,4
14125,4
14659,4
14782,4
15176,4
6797,4
6901,4
11153,4
12463,4
12742,4
2141,4
2654,4
4812,4
6811,4
6873,4
7546,4
9267,4
10003,4
11068,4
12615,4
12759,4
14684,4
14708,4
3051,4
4633,4
6217,4
7095,4
10300,4
11385,4
538,4
2048,4
4480,4
5750,4
6768,4
10246,4
13672,4
14702,4
14747,4
1509,4
2089,4
6463,4
10201,4
11689,4
12079,4
175,4
1159,4
8756,4
11110,4
12242,4
13435,4
850,4
1161,4
3433,4
3606,4
4578,4
5659,4
5778,4
8443,4
583,4
1881,4
5052,4
5749,4
6340,4
9764,4
11301,4
13012,4
13667,4
14072,4
14719,4
14736,4
2298,4
2356,4
8842,4
9943,4
10489,4
10534,4
11263,4
11706,4
13450,4
13740,4
838,4
2584,4
4840,4
5271,4
5558,4
6793,4
7686,4
10259,4
10911,4
11127,4
834,4
2369,4
7130,4
14068,4
14646,4
14665,4
14690,4
3423,4
5029,4
5856,4
7038,4
7388,4
7596,4
9467,4
9756,4
11164,4
11742,4
11778,4
12786,4
326,4
2081,4
3326,4
5600,4
9192,4
9237,4
11058,4
11190,4
2872,4
5561,4
5825,4
6462,4
8079,4
8272,4
8425,4
8565,4
8868,4
12772,4
13507,4
15042,4
15167,4
1318,4
4573,4
7876,4
9766,4
12947,4
13881,4
2424,4
2547,4
4160,4
8151,4
9848,4
13826,4
14048,4
2163,4
5369,4
7804,4
8971,4
11178,4
13806,4
13860,4
14734,4
39,4
2854,4
8122,4
8805,4
12153,4
12488,4
13872,4
14796,4
176,4
3756,4
4334,4
6170,4
7011,4
7487,4
8984,4
9253,4
13105,4
14097,4
7,4
162,4
549,4
2832,4
9831,4
12251,4
2070,4
2677,4
6224,4
6421,4
6434,4
7199,4
7921,4
10673,4
12252,4
13710,4
14601,4
14778,4
84,4
1000,4
1601,4
2865,4
4192,4
8324,4
9871,4
12568,4
14076,4
14792,4
2399,4
7461,4
8970,4
11724,4
1594,4
1596,4
1757,4
5472,4
6713,4
8862,4
10380,4
10634,4
11129,4
12029,4
14186,4
14739,4
2188,4
4163,4
8061,4
8572,4
8792,4
14057,4
428,4
4821,4
7133,4
9037,4
11115,4
11449,4
12343,4
12758,4
13656,4
14748,4
2434,4
2863,4
3714,4
7334,4
8049,4
10316,4
11031,4
13064,4
69,4
1463,4
1910,4
2864,4
4997,4
6895,4
6925,4
8107,4
543,4
3202,4
3430,4
6265,4
8607,4
11389,4
11506,4
13096,4
13396,4
1690,4
2827,4
6724,4
7805,4
8469,4
10599,4
11281,4
11822,4
14661,4
2919,4
10150,4
12246,4
14631,4
63,4
2850,4
4206,4
6510,4
7044,4
7438,4
8066,4
12645,4
13479,4
1104,4
4140,4
5677,4
6147,4
7302,4
9550,4
11635,4
13090,4
14651,4
2129,4
4273,4
6821,4
7467,4
7690,4
10902,4
14761,4
1443,4
2120,4
4676,4
6163,4
6327,4
12176,4
12890,4
13626,4
2397,4
3031,4
5174,4
7681,4
8783,4
11369,4
12596,4
12628,4
12710,4
14629,4
518,4
1414,4
4605,4
6669,4
10202,4
11254,4
11698,4
13475,4
13885,4
404,4
2671,4
5776,4
7376,4
8802,4
8914,4
9201,4
11200,4
13590,4
14012,4
793,4
4491,4
5557,4
5641,4
7954,4
8959,4
9448,4
9804,4
12093,4
12874,4
1039,4
2553,4
4442,4
5832,4
11163,4
12092,4
13080,4
13770,4
14673,4
15179,4
38,4
2679,4
2737,4
12716,4
13513,4
14704,4
1760,4
1705,4
3354,4
4228,4
5366,4
6353,4
9142,4
11628,4
12036,4
12138,4
12417,4
14754,4
14763,4
2980,4
4790,4
7316,4
11118,4
11576,4
13113,4
2114,4
3217,4
3318,4
3351,4
5108,4
5221,4
6587,4
6593,4
9635,4
12218,4
895,4
1421,4
3508,4
3719,4
9020,4
14636,4
9214,4
9911,4
10127,4
11720,4
818,4
4413,4
11051,4
13274,4
2846,4
3437,4
3842,4
3973,4
11008,4
11351,4
12707,4
4654,4
6547,4
8118,4
8331,4
9899,4
11495,4
11867,4
12398,4
2812,4
5197,4
6173,4
6973,4
11303,4
14390,4
143,4
1610,4
2820,4
4705,4
8505,4
9251,4
10153,4
13666,4
390,4
4499,4
5888,4
8804,4
8817,4
11384,4
12009,4
464,4
526,4
2981,4
6377,4
9248,4
11216,4
12858,4
653,4
5822,4
7405,4
8026,4
8099,4
9200,4
9587,4
11065,4
12739,4
550,4
1153,4
1648,4
2955,4
3878,4
4406,4
7024,4
8060,4
8676,4
9407,4
11169,4
12396,4
12789,4
13777,4
1179,4
2300,4
3775,4
14374,4
1131,4
1140,4
1450,4
6271,4
6281,4
6569,4
9219,4
11976,4
13866,4
4699,4
4908,4
5241,4
5784,4
5974,4
8182,4
8512,4
8734,4
9210,4
12872,4
4619,4
6158,4
8041,4
9917,4
990,4
1203,4
1284,4
2132,4
3521,4
4114,4
4392,4
6625,4
8310,4
8858,4
10676,4
12017,4
12033,4
13933,4
14767,4
4050,4
11161,4
11516,4
12618,4
14756,4
5783,4
7878,4
8376,4
11970,4
12792,4
13184,4
13608,4
14626,4
2317,4
6383,4
10504,4
11505,4
13142,4
151,4
4558,4
5068,4
6274,4
6511,4
10041,4
10608,4
11726,4
12642,4
13266,4
13747,4
1577,4
2670,4
4081,4
4834,4
6296,4
6736,4
9960,4
11538,4
12272,4
13567,4
13950,4
14772,4
488,4
2562,4
7413,4
8305,4
9170,4
9487,4
10593,4
11337,4
12096,4
12499,4
13332,4
13383,4
13593,4
4411,4
5550,4
9260,4
10055,4
11009,4
12668,4
1623,4
2253,4
5604,4
9965,4
10188,4
11814,4
13490,4
13673,4
13846,4
303,4
7273,4
8192,4
12427,4
12721,4
702,4
5263,4
6928,4
7077,4
8301,4
10555,4
13402,4
3892,4
5226,4
6298,4
7421,4
7695,4
7939,4
8493,4
11457,4
12405,4
12685,4
13411,4
13506,4
14026,4
14639,4
14727,4
105,4
1553,4
7412,4
9658,4
9681,4
12900,4
14795,4
837,4
1880,4
2126,4
4328,4
7277,4
8933,4
9011,4
9785,4
11348,4
11540,4
12588,4
13495,4
872,4
1852,4
3428,4
5244,4
7205,4
8179,4
8850,4
8949,4
9762,4
14614,4
10301,4
11217,4
12016,4
12920,4
13138,4
13861,4
68,4
106,4
567,4
2360,4
2474,4
6785,4
7960,4
10717,4
11738,4
12528,4
12826,4
12886,4
2028,4
4183,4
8506,4
10499,4
10775,4
10922,4
11802,4
8934,4
9289,4
9976,4
12202,4
13393,4
600,4
2714,4
10158,4
10258,4
11768,4
3623,4
4800,4
6661,4
7235,4
7298,4
9212,4
9218,4
9223,4
11591,4
13039,4
13535,4
13617,4
123,4
342,4
373,4
454,4
832,4
6260,4
7708,4
7929,4
8938,4
10222,4
10738,4
11109,4
14024,4
14762,4
2416,4
3250,4
7315,4
7839,4
9797,4
10659,4
12091,4
14691,4
14738,4
2762,4
3946,4
8813,4
13587,4
14749,4
466,4
566,4
2493,4
7471,4
9772,4
11857,4
12038,4
12619,4
14090,4
14759,4
201,4
6603,4
6883,4
9104,4
12584,4
13771,4
15180,4
1761,4
1935,4
2419,4
4883,4
5228,4
6316,4
12239,4
12572,4
1839,4
5115,4
7056,4
7916,4
8535,4
8554,4
8991,4
9986,4
10856,4
14007,4
2144,4
4622,4
5617,4
7577,4
9999,4
10999,4
11392,4
12521,4
573,4
4128,4
5535,4
6269,4
11075,4
11345,4
11756,4
12503,4
13760,4
1193,4
3951,4
6151,4
9220,4
13639,4
1402,4
2461,4
3520,4
3733,4
3960,4
6297,4
6704,4
10547,4
12908,4
1805,4
5294,4
6123,4
6130,4
7015,4
8908,4
10429,4
11172,4
3961,4
4289,4
5326,4
8077,4
11160,4
11963,4
13754,4
2591,4
3758,4
5537,4
6074,4
8000,4
8765,4
10307,4
10842,4
13565,4
13909,4
14692,4
2949,4
5242,4
5882,4
6169,4
11131,4
11891,4
13273,4
14728,4
1851,4
1870,4
2008,4
4039,4
5413,4
12599,4
616,4
4207,4
4596,4
6546,4
7905,4
8148,4
9124,4
9304,4
12979,4
13604,4
15090,4
2287,4
5134,4
5170,4
6427,4
7904,4
8955,4
10145,4
10693,4
13833,4
14009,4
1776,4
2381,4
3555,4
5863,4
6828,4
11774,4
12733,4
13445,4
13839,4
14650,4
1862,4
5753,4
6233,4
8275,4
15193,4
144,4
705,4
785,4
1640,4
8974,4
9788,4
11128,4
13835,4
14707,4
1174,4
2830,4
8518,4
9437,4
10399,4
11864,4
12314,4
13813,4
14693,4
14769,4
15056,4
1768,4
2066,4
5908,4
6735,4
11499,4
12968,4
13612,4
5673,4
7729,4
7927,4
9851,4
11150,4
11371,4
13480,4
104,4
2118,4
2140,4
2265,4
5565,4
8394,4
8439,4
8831,4
9799,4
12701,4
13642,4
13736,4
14325,4
6025,4
10936,4
12793,4
2733,4
5833,4
5848,4
6799,4
13262,4
3696,4
7385,4
8559,4
11831,4
2086,4
3712,4
6905,4
8543,4
10110,4
11122,4
11860,4
11969,4
13420,4
13526,4
14712,4
14787,4
3053,4
3406,4
3825,4
4585,4
6490,4
11292,4
12285,4
12916,4
14744,4
1959,3
2366,3
5300,3
5518,3
6466,3
6654,3
7880,3
7982,3
7993,3
8086,3
9852,3
9900,3
11317,3
11458,3
12027,3
12046,3
2235,3
10121,3
11710,3
13622,3
14465,3
14514,3
14536,3
3704,3
3761,3
6559,3
11800,3
13601,3
13910,3
15207,3
2748,3
4186,3
8109,3
10745,3
13916,3
65,3
3834,3
7152,3
9403,3
9775,3
11520,3
12607,3
13765,3
13923,3
799,3
5110,3
5527,3
7109,3
9344,3
12694,3
13997,3
4859,3
5061,3
6557,3
7736,3
9475,3
11287,3
14030,3
9731,3
9925,3
11024,3
11894,3
12723,3
12757,3
15157,3
15161,3
15348,3
2971,3
5543,3
6108,3
7169,3
14058,3
4762,3
6188,3
7132,3
11642,3
12007,3
12169,3
13516,3
14658,3
15191,3
8423,3
9492,3
642,3
1924,3
6204,3
6639,3
7587,3
10241,3
11333,3
12566,3
12755,3
1745,3
8776,3
12127,3
13903,3
13960,3
14501,3
1259,3
1869,3
9416,3
10587,3
11286,3
11541,3
11672,3
13054,3
13904,3
14554,3
14558,3
1441,3
1496,3
4958,3
7522,3
7935,3
9450,3
10254,3
11237,3
11558,3
1051,3
10580,3
13104,3
13676,3
14647,3
4107,3
4848,3
5188,3
8008,3
9113,3
11636,3
12117,3
12191,3
12711,3
12725,3
15138,3
15332,3
2240,3
7088,3
9029,3
10020,3
13946,3
667,3
1480,3
5040,3
7351,3
12601,3
14783,3
26,3
1235,3
6473,3
8864,3
11133,3
2047,3
4866,3
8053,3
10063,3
11258,3
11547,3
12659,3
12662,3
12731,3
14375,3
15345,3
743,3
1135,3
7290,3
7901,3
8815,3
9038,3
11374,3
12882,3
13401,3
13713,3
4547,3
11604,3
12067,3
12509,3
12709,3
460,3
3456,3
4368,3
5142,3
8899,3
9254,3
12293,3
15111,3
12,3
2228,3
7005,3
8184,3
8570,3
9297,3
10276,3
11950,3
12935,3
14523,3
14587,3
2006,3
2680,3
4033,3
6671,3
6716,3
8306,3
8723,3
8828,3
9741,3
9825,3
11757,3
12722,3
4873,3
6440,3
12489,3
13248,3
15357,3
1978,3
2022,3
6650,3
13488,3
14531,3
15053,3
1290,3
1457,3
3450,3
10600,3
12713,3
12744,3
13111,3
14364,3
14588,3
14606,3
2288,3
10006,3
15364,3
330,3
1295,3
5213,3
5320,3
6273,3
8486,3
10671,3
13132,3
14112,3
122,3
1176,3
7058,3
7265,3
7847,3
8264,3
11226,3
12937,3
14013,3
15163,3
15206,3
4727,3
7284,3
12165,3
13983,3
14774,3
1061,3
6954,3
7293,3
7975,3
9568,3
11159,3
12749,3
13895,3
14088,3
1785,3
5655,3
8166,3
10269,3
10648,3
13661,3
1207,3
1939,3
2823,3
5090,3
7171,3
9726,3
10344,3
13257,3
13829,3
14089,3
1899,3
4507,3
5335,3
7203,3
10166,3
12034,3
13024,3
13698,3
14591,3
4327,3
6536,3
7967,3
10208,3
10903,3
11289,3
11882,3
12765,3
13489,3
13783,3
14717,3
185,3
305,3
353,3
5129,3
10518,3
10589,3
11314,3
14648,3
14706,3
15339,3
15393,3
2339,3
5018,3
6692,3
6706,3
7642,3
10962,3
11397,3
12391,3
13951,3
14580,3
14596,3
14628,3
5245,3
9603,3
10932,3
3927,3
4111,3
4174,3
12125,3
15002,3
4842,3
12044,3
12983,3
14600,3
1172,3
3125,3
4311,3
6230,3
6313,3
6387,3
7087,3
8637,3
11168,3
12186,3
12671,3
13316,3
13743,3
297,3
6221,3
7468,3
8205,3
14144,3
15076,3
3541,3
5097,3
5599,3
10540,3
11573,3
12054,3
12638,3
13428,3
2989,3
3474,3
4093,3
5077,3
5588,3
8449,3
8531,3
11759,3
12075,3
12461,3
14338,3
442,3
792,3
1137,3
4936,3
5649,3
9158,3
9888,3
10155,3
12993,3
14547,3
3786,3
6714,3
7615,3
8144,3
11741,3
13469,3
13690,3
13801,3
14542,3
15044,3
1100,3
2281,3
11306,3
13659,3
13674,3
15151,3
15171,3
1952,3
10505,3
12066,3
12871,3
14408,3
15280,3
1380,3
5357,3
6219,3
7564,3
9176,3
10323,3
14735,3
2852,3
3893,3
5381,3
5871,3
7824,3
10138,3
12166,3
13180,3
13459,3
13959,3
1275,3
3314,3
3667,3
3983,3
4094,3
12863,3
12917,3
13073,3
14156,3
10877,3
12762,3
13239,3
2736,3
2880,3
3419,3
3539,3
4644,3
5338,3
5485,3
6275,3
6756,3
7046,3
7178,3
9494,3
11264,3
11714,3
11873,3
12107,3
13047,3
13633,3
14675,3
15311,3
3625,3
5373,3
6161,3
7070,3
8680,3
9737,3
12026,3
12081,3
13652,3
14510,3
377,3
4074,3
5206,3
5591,3
5817,3
7981,3
9813,3
13650,3
13982,3
14004,3
14649,3
14799,3
3489,3
10260,3
11718,3
12821,3
14524,3
14533,3
3613,3
5541,3
7006,3
7177,3
8274,3
10582,3
11732,3
12104,3
306,3
5507,3
6472,3
6738,3
6846,3
7739,3
8611,3
9241,3
9614,3
13345,3
13688,3
13722,3
13914,3
14548,3
1781,3
2779,3
6216,3
7090,3
10388,3
12122,3
12134,3
1847,3
2618,3
4557,3
5039,3
6403,3
12037,3
13057,3
13460,3
14541,3
96,3
6520,3
8440,3
8481,3
9047,3
9844,3
10265,3
11328,3
12140,3
13065,3
13485,3
3458,3
3683,3
5036,3
6436,3
8455,3
11771,3
12257,3
12751,3
12830,3
13256,3
13443,3
13629,3
4508,3
6676,3
7157,3
9065,3
11116,3
13452,3
13493,3
13884,3
268,3
1711,3
4244,3
7223,3
8601,3
11029,3
11242,3
11610,3
12702,3
12767,3
13291,3
14645,3
15012,3
15038,3
15400,3
1806,3
2268,3
3552,3
5625,3
7158,3
10190,3
12457,3
13911,3
13927,3
14586,3
15327,3
729,3
5360,3
8340,3
9655,3
11703,3
13016,3
14800,3
3138,3
3457,3
4390,3
8124,3
10524,3
11320,3
11560,3
13146,3
13919,3
15394,3
2903,3
4381,3
4961,3
7215,3
7651,3
8558,3
8648,3
11344,3
12108,3
12331,3
12630,3
12679,3
13703,3
15110,3
15374,3
2892,3
7566,3
7664,3
7715,3
12836,3
13250,3
14499,3
14584,3
1497,3
1751,3
6379,3
11701,3
12199,3
13577,3
13707,3
1478,3
9469,3
9814,3
14671,3
4374,3
6351,3
7933,3
13381,3
13677,3
15196,3
3574,3
4006,3
8620,3
12307,3
13282,3
13615,3
13767,3
2847,3
3256,3
4276,3
6562,3
9948,3
9982,3
10220,3
10426,3
11343,3
12120,3
13133,3
14709,3
5870,3
6748,3
7383,3
8002,3
8244,3
9203,3
11184,3
12147,3
12706,3
13134,3
15336,3
2741,3
4145,3
6333,3
7957,3
11568,3
13681,3
14037,3
14217,3
14610,3
15183,3
1793,3
5861,3
7541,3
8569,3
10026,3
10109,3
10606,3
12065,3
12161,3
13200,3
14578,3
15023,3
2246,3
3517,3
6514,3
7365,3
9753,3
11763,3
12766,3
12959,3
1091,3
1901,3
3262,3
7213,3
8605,3
12934,3
14516,3
15174,3
4238,3
10942,3
13118,3
13996,3
179,3
3832,3
6445,3
6647,3
13028,3
13108,3
13486,3
14788,3
2703,3
5851,3
6105,3
10291,3
14505,3
5252,3
5288,3
11177,3
12174,3
12265,3
12665,3
197,3
531,3
5598,3
6392,3
8713,3
9845,3
10531,3
10964,3
13091,3
1216,3
3697,3
4545,3
6631,3
9447,3
12234,3
13190,3
13678,3
13728,3
619,3
1736,3
8883,3
9425,3
9807,3
10669,3
12763,3
13048,3
13433,3
13824,3
15350,3
1123,3
2805,3
6619,3
8632,3
9452,3
9458,3
4589,3
5348,3
6222,3
8087,3
8104,3
11761,3
13153,3
15343,3
10163,3
13804,3
2205,3
6291,3
13940,3
14672,3
2029,3
8447,3
9224,3
9299,3
11780,3
12115,3
14605,3
1118,3
6190,3
7299,3
7370,3
7688,3
7781,3
10637,3
15317,3
1519,3
3499,3
4343,3
4736,3
5264,3
6354,3
8769,3
10733,3
12379,3
12518,3
12696,3
12776,3
13551,3
14512,3
1932,3
2304,3
3854,3
5130,3
5540,3
6602,3
12655,3
13370,3
14520,3
14607,3
15154,3
15156,3
15178,3
310,3
4855,3
6360,3
6429,3
7973,3
9087,3
9417,3
9477,3
12736,3
5317,3
6433,3
7051,3
7689,3
9812,3
10237,3
12110,3
12621,3
13686,3
14573,3
15308,3
3647,3
3710,3
6405,3
6657,3
10765,3
13230,3
4290,3
5840,3
6685,3
7632,3
11428,3
11749,3
220,3
6564,3
6771,3
7984,3
9582,3
9967,3
10930,3
12663,3
12838,3
12950,3
3170,3
3229,3
5049,3
6280,3
7187,3
7360,3
7750,3
12086,3
13283,3
8,3
2299,3
5276,3
6026,3
8309,3
9806,3
11222,3
12595,3
12606,3
14635,3
14794,3
1385,3
7574,3
11523,3
11818,3
13474,3
14683,3
15131,3
981,3
5200,3
6198,3
8820,3
9527,3
9728,3
10879,3
14602,3
14678,3
15079,3
1754,3
4369,3
7947,3
7966,3
13074,3
13135,3
13662,3
14695,3
7377,3
7646,3
7819,3
8154,3
12059,3
12703,3
13729,3
13952,3
14539,3
14737,3
7985,3
8081,3
10656,3
11747,3
11836,3
12676,3
13115,3
13286,3
3496,3
3628,3
7292,3
10723,3
12464,3
13025,3
14682,3
691,3
3427,3
6312,3
6859,3
9023,3
10781,3
13124,3
13646,3
15120,3
5014,3
7908,3
8170,3
11775,3
1195,3
7146,3
7978,3
8675,3
9211,3
10563,3
12625,3
14697,3
15142,3
51,3
2884,3
2921,3
3803,3
4804,3
5501,3
10868,3
10896,3
13457,3
13705,3
14187,3
706,3
5400,3
7052,3
7493,3
13112,3
13151,3
166,3
3469,3
6211,3
6448,3
6677,3
6788,3
8356,3
11375,3
11670,3
12136,3
12728,3
15166,3
15396,3
2394,3
2585,3
5063,3
6214,3
6470,3
7229,3
7937,3
10181,3
12690,3
13011,3
13173,3
15375,3
1965,3
3715,3
5523,3
8334,3
8549,3
9262,3
9502,3
10677,3
11288,3
13715,3
14566,3
15185,3
1985,3
2800,3
5563,3
6856,3
9882,3
12415,3
13709,3
15140,3
635,3
3417,3
6789,3
9979,3
11967,3
12150,3
13189,3
13367,3
14509,3
15392,3
1926,3
5089,3
5407,3
8626,3
10103,3
10522,3
11618,3
12178,3
13943,3
14503,3
1094,3
3386,3
6728,3
9778,3
9880,3
12433,3
12779,3
13956,3
13978,3
14653,3
15030,3
15373,3
1921,3
5469,3
5506,3
6272,3
8366,3
8522,3
9639,3
11507,3
12689,3
13086,3
14623,3
15381,3
7100,3
7125,3
7536,3
10149,3
12450,3
14559,3
14663,3
1660,3
3061,3
4890,3
5305,3
6517,3
7320,3
7932,3
8431,3
9401,3
9793,3
12790,3
13632,3
13941,3
14604,3
267,3
4759,3
6432,3
7183,3
8379,3
10176,3
2309,3
3014,3
4959,3
5839,3
10787,3
11251,3
11734,3
12560,3
13905,3
14492,3
14581,3
1110,3
2986,3
4579,3
6640,3
13971,3
14303,3
261,3
2889,3
4525,3
4763,3
6225,3
9172,3
9415,3
10782,3
11816,3
12760,3
12783,3
14169,3
82,3
1671,3
4100,3
4225,3
6034,3
6320,3
7305,3
7534,3
12958,3
13059,3
13419,3
13999,3
14373,3
703,3
2958,3
3478,3
4103,3
5106,3
5262,3
10361,3
13222,3
14521,3
8694,3
12714,3
12778,3
13664,3
14441,3
15124,3
15168,3
15306,3
8070,3
15165,3
4926,3
5849,3
8913,3
9375,3
10233,3
11574,3
12720,3
14519,3
14633,3
1213,3
2899,3
4048,3
4216,3
5415,3
8018,3
10125,3
10355,3
11318,3
13484,3
13727,3
4819,3
5893,3
6749,3
7698,3
8129,3
8459,3
12048,3
12124,3
12470,3
2260,3
7049,3
8819,3
9024,3
11772,3
12156,3
13697,3
14563,3
14765,3
14784,3
396,3
1799,3
1907,3
1912,3
4250,3
8508,3
10696,3
13929,3
15310,3
3391,3
4471,3
4704,3
6806,3
7201,3
8540,3
9506,3
10159,3
12684,3
13444,3
14459,3
14677,3
3564,3
4708,3
5224,3
7252,3
7751,3
8064,3
9835,3
10830,3
11551,3
13252,3
13631,3
14412,3
14590,3
1784,3
4887,3
6290,3
11582,3
13131,3
14446,3
14498,3
14562,3
15181,3
29,3
3848,3
8028,3
8878,3
9257,3
10603,3
11006,3
12741,3
3189,3
3911,3
4098,3
4878,3
5475,3
9183,3
11167,3
12180,3
12784,3
13831,3
15136,3
5290,3
6461,3
7276,3
7322,3
7675,3
7738,3
11084,3
12280,3
12938,3
13079,3
13559,3
13865,3
13918,3
6398,3
8748,3
1239,3
5085,3
9590,3
10542,3
10974,3
11319,3
11383,3
12646,3
13463,3
13762,3
13769,3
13787,3
15335,3
678,3
2615,3
4723,3
7219,3
7936,3
7988,3
14515,3
14544,3
1188,3
4501,3
13245,3
14755,3
15036,3
1593,3
2314,3
3767,3
5567,3
8636,3
1995,3
3009,3
3945,3
4005,3
5384,3
7871,3
9892,3
10139,3
11663,3
11848,3
13537,3
14549,3
14667,3
1931,3
2098,3
3525,3
3684,3
3804,3
5091,3
5202,3
6417,3
6586,3
7525,3
9555,3
9747,3
9786,3
12699,3
12753,3
12781,3
13033,3
14595,3
630,3
7010,3
9952,3
12099,3
13446,3
15182,3
2806,3
3082,3
3781,3
5184,3
7687,3
8100,3
8487,3
9246,3
9542,3
11277,3
12247,3
12977,3
12990,3
14599,3
3338,3
6791,3
9339,3
9557,3
10332,3
10577,3
11055,3
11220,3
12718,3
13156,3
13294,3
13796,3
14612,3
14758,3
15341,3
1909,3
3143,3
3494,3
3915,3
7337,3
8600,3
13167,3
13692,3
14560,3
2978,3
5017,3
5248,3
6682,3
8162,3
8670,3
10519,3
13227,3
14710,3
1980,3
4750,3
5889,3
6253,3
11533,3
12939,3
13410,3
13448,3
13649,3
1854,3
3879,3
4298,3
8816,3
9093,3
15155,3
426,3
1105,3
3559,3
4049,3
6920,3
7357,3
7622,3
7992,3
9284,3
13309,3
5135,3
5687,3
8346,3
11087,3
12636,3
13002,3
14545,3
14745,3
668,3
1758,3
10575,3
11575,3
14288,3
14664,3
7588,3
10588,3
11570,3
11739,3
12094,3
14142,3
14256,3
2632,3
3736,3
4541,3
5666,3
6451,3
6742,3
8623,3
9593,3
12683,3
2058,3
7386,3
12647,3
13725,3
13912,3
14168,3
413,3
6186,3
7113,3
8071,3
8853,3
11185,3
11195,3
11596,3
12658,3
13107,3
13742,3
14200,3
2917,3
4096,3
6094,3
12274,3
13538,3
14537,3
3630,3
4372,3
5607,3
7063,3
10273,3
11731,3
12145,3
12833,3
13353,3
13660,3
1224,3
4242,3
4375,3
7021,3
7518,3
9708,3
9729,3
10543,3
10981,3
11786,3
12465,3
12866,3
13519,3
14517,3
14621,3
14698,3
15316,3
14,3
1672,3
1680,3
9484,3
13585,3
15137,3
15271,3
1285,3
2264,3
8586,3
10707,3
11425,3
11887,3
13501,3
7050,3
11746,3
13699,3
13935,3
14000,3
15328,3
1684,3
1983,3
3535,3
4863,3
9308,3
9485,3
9849,3
12788,3
13021,3
13197,3
3355,3
4302,3
9149,3
10695,3
11325,3
11877,3
13491,3
14789,3
15147,3
15272,3
909,3
1141,3
3103,3
3160,3
5168,3
6395,3
7016,3
9803,3
10047,3
10123,3
11097,3
11798,3
13970,3
4906,3
9796,3
11112,3
13005,3
13031,3
13293,3
13973,3
14481,3
14674,3
3130,3
4532,3
4833,3
6330,3
6502,3
9261,3
10102,3
10491,3
12911,3
14729,3
15144,3
15148,3
2593,3
3984,3
7047,3
9424,3
10924,3
14401,3
15318,3
1187,3
4836,3
6842,3
9541,3
12089,3
12183,3
12554,3
12603,3
13972,3
15037,3
1885,3
2348,3
3617,3
4422,3
5078,3
5493,3
7025,3
7965,3
14742,3
2661,3
3585,3
8891,3
10598,3
11705,3
14632,3
14721,3
3110,3
11789,3
13555,3
13653,3
14622,3
14790,3
30,3
3372,3
5646,3
7018,3
11219,3
12798,3
14773,3
15177,3
4064,3
5859,3
8812,3
9503,3
10688,3
11302,3
12223,3
12945,3
13037,3
13202,3
14670,3
15170,3
7137,3
9694,3
13582,3
13995,3
4974,3
10278,3
11052,3
11702,3
13130,3
13932,3
535,3
3939,3
6423,3
7893,3
7991,3
8377,3
9860,3
10636,3
11197,3
12402,3
12527,3
12855,3
13178,3
15376,3
964,3
4265,3
9869,3
11078,3
13363,3
14711,3
14766,3
3605,3
5517,3
6373,3
6871,3
13084,3
13515,3
1054,3
1948,3
2282,3
6699,3
10546,3
11643,3
12732,3
13539,3
14723,3
2815,3
3838,3
3929,3
6649,3
12502,3
13243,3
14118,3
3949,3
5622,3
6424,3
10929,3
12754,3
13611,3
15248,3
2301,3
7255,3
7399,3
7760,3
13192,3
14668,3
14732,3
1741,3
1929,3
3769,3
4549,3
5831,3
9250,3
14593,3
1713,3
3583,3
5582,3
8183,3
8319,3
8603,3
9208,3
10642,3
180,3
6544,3
7245,3
8278,3
10678,3
4214,3
4797,3
6131,3
8096,3
9673,3
13798,3
14611,3
7129,3
9843,3
13292,3
13679,3
14479,3
617,3
4232,3
6117,3
6407,3
6496,3
7040,3
10857,3
11246,3
12795,3
315,3
1217,3
1277,3
2558,3
3568,3
3778,3
8414,3
10064,3
10218,3
10941,3
12205,3
12407,3
12422,3
3523,3
4173,3
5581,3
5806,3
6638,3
6721,3
7999,3
10725,3
11660,3
